{
	"target_sql" : "py",
	//"inherit_from":["general_sql_specs.json"],
	"CUSTOM_CONVERTER_MODULES" : ["!BB_CONFIG_CONVERTER!/Converter/databricks_output_hooks_v2.dwsmod", "!BB_CONFIG_CONVERTER!/Converter/snowflake_source_hooks.dwsmod"],
	//"CUSTOM_CONVERTER_MODULES" : ["C:/projects/Snowflake2Databricks/Config/databricks_output_hooks_v2.pl", "C:/projects/Snowflake2Databricks/Config/snowflake_source_hooks.pl"],
	"COMBINED_CUSTOM_MODULES_LOAD" : 1, //loads all files at the same time to ensure vars can be shared
	"initialize_hooks_call" : "::init_databricks_hooks", //initialize context, pass all relevant info
	"source_prescan_routine" : "::snowflake_prescan",
	"preprocess_file" : "1",
	"preprocess_routine" : "::preprocess_for_databricks",
	"invoked_python_template_file"  : "!BB_CONFIG_CONVERTER!/Writer/Python/python_template_for_databricks.py",
	//"invoked_sql_template_file"   : "C:/projects/Oracle2Databricks/configs/templates/sql_template.sql",
	"invoked_python_function_template_file" : "!BB_CONFIG_CONVERTER!/Writer/Python/python_function_template_for_databricks.py",
	"tab_count_for_curly_bracket" : 1,
	//"invoked_sql_template_file"   : "C:/projects/Oracle2Databricks/configs/templates/sql_template.sql",

	

	"line_suppression_behavior":"ELIMINATE", //choices: COMMENT or ELIMINATE
	"code_fragment_breakers": {
		"line_end": ["\;\s*"]
	},
	
	"prefix_tag" : "<python>",
	"generate_widget_to_variable_assignments" : 1,
	"suppress_lines_containing": ["ALTER\s+SESSION"],
	"line_suppression_behavior": "ELIMINATE", //choices: COMMENT or ELIMINATE
	"change_procedure_to_function" : true,
	"stmt_categorization_patterns": [
    {"category": "TABLE_DDL", "patterns" : [".*?CREATE\s+TABLE",".*?CREATE\s+SET.*\s+TABLE",".*?CREATE\s+MULTISET.*\s+TABLE",".*?CREATE\s+VOLATILE.*\s+TABLE",".*?CREATE\s+TEMP.*\s+TABLE",".*?CREATE\s+GLOBAL\s+TEMPORARY",".*?CREATE\s+PRIVATE\s+TEMPORARY",".*?CREATE\s+LOCAL\s+TEMPORARY"]},
	{"category": "CREATE_PROCEDURE", "patterns" : [".*CREATE PROCEDURE \((.*?)\).*;", ".*CREATE\s*OR\s*REPLACE\s*PROCEDURE", ".*CREATE\s*PROCEDURE", ".*REPLACE\s*PROCEDURE"]},
	//{"category": "CREATE_FUNCTION", "patterns" : [".*?\bCREATE\s+OR\s+REPLACE\s+FUNCTION\b", ".*?\bCREATE\s+FUNCTION\b","FUNCTION\s+(\"?\w+\"?\.?\"?\w*\"?)"]},

	//{"category": "SWITCH", "patterns" : ["switch\s*\(.*?\)\s*\{.*?\}"]},
	{"category": "VALUE_COLUMNS", "patterns" : [".*select.*?from\s+values"]},
	{"category": "INSERT_ALL", "patterns" : [".*INSERT\s+ALL"]},
	{"category": "BIND_VAR", "patterns" : [".*sqlText\:(.*?)BINDS\:\s*(\[.*?\])"]},	  
	{"category": "INSERT_FIRST", "patterns" : [".*INSERT\s+FIRST"]},
    {"category": "UPDATE_FROM", "patterns" : [".*UPDATE\s+(\w*\.*\w*\.*\w+\s+\w*\s*)\bSET(\b.*?)\bFROM\s+"]},
	{"category": "DELETE_FROM", "patterns" : [".*?delete\s+from\s+(\w*\.*\w+)\s+(\w+)\s+(\w+)\s+where(.*?)"]}	
	],
	//

	"fragment_handling" : {
	//"SWITCH" : "::switch",	
	"VALUE_COLUMNS" : "::value_columns",
	"CREATE_PROCEDURE" : "::databricks_proc_arg_defs",
	"CREATE_FUNCTION" : "::databricks_function_arg_defs",
	"INSERT_ALL" : "::insert_all",
	"INSERT_FIRST" : "::insert_first",
	//"FETCH_INTO" : "::fetch_into",
	 "UPDATE_FROM" : "::update_from",
	 "DELETE_FROM" : "::delete_from",
	 "BIND_VAR" : "::bind_var",
	
	"__DEFAULT_HANDLER__" : "::databricks_default_handler"
	//
	},

	"line_subst" : [
		
		{"from" : "\=\=\s*undefined", "to" : "is None"},
		{"from" : "\!\=\s*undefined", "to" : "is not None"},
	    {"from" : "(if\s*\(.*?)\|\|", "to" : "$1 or "},
		{"from" : "\~\^\#\%\`", "to" : ";"},
		{"from" : "math\.abs", "to" : "abs"},
		{"from" : "(?<!\_DONE\_)(\bENABLE|\bDISABLE\b|\bVALIDATE\b|\bNOVALIDATE\b|\bRELY\b)", "to" : "_DONE_$1 -- FIX ME databricks.migration.unsupported.feature"},
		{"from" : "\bNUMBER\b(?!\s*\()", "to" : "NUMERIC","statement_categories" : ["TABLE_DDL"]},
		{"from" : "AS\s+\bNUMBER\b(?!\s*\()", "to" : "AS NUMERIC"},
		{"from" : "\:\:NUMBER\b\s*(?!\()", "to" : "\:\:NUMERIC"},
		{"from" : "\bNUMBER\b\s*\(", "to" : "NUMERIC("},
		{"from" : "AS\s+\bNUMBER\b", "to" : "AS NUMERIC"},
		{"from" : "\:\:NUMBER\b(?!\s*\()", "to" : "::NUMERIC"},
	    {"from" : "\bNUMBER\b\s*\(", "to" : "NUMERIC("},
		{"from" : "\bNUMBER\b", "to" : "NUMERIC","statement_categories" : ["TABLE_DDL"]},
		{"from" : "\bNUMBER\b\s*\(", "to" : "NUMERIC("},
		{"from" : "AS\s+\bNUMBER\b", "to" : "AS NUMERIC"},
		{"from" : "\:\:NUMBER\b", "to" : "\:\:NUMERIC"},
	    {"from" : "\bINTEGER\b", "to" : "BIGINT","statement_categories" : ["TABLE_DDL"]},
		{"from" : "\bCHAR\s*\(.*?\)", "to" : "STRING","statement_categories" : ["TABLE_DDL"]},
		{"from" : "\bNCHAR\s*\(.*?\)", "to" : "STRING","statement_categories" : ["TABLE_DDL"]},
		{"from" : "\bVARCHAR\s*\(.*?\)", "to" : "STRING","statement_categories" : ["TABLE_DDL"]},
		{"from" : "\bNVARCHAR\s*\(.*?\)", "to" : "STRING","statement_categories" : ["TABLE_DDL"]},
		{"from" : "\bNVARCHAR2\s*\(.*?\)", "to" : "STRING","statement_categories" : ["TABLE_DDL"]},
		{"from" : "\bVARCHAR\s*\(.*?\)", "to" : "STRING","statement_categories" : ["TABLE_DDL"]},
		{"from" : "\bCHARACTER\s*\(.*?\)", "to" : "STRING","statement_categories" : ["TABLE_DDL"]},
		{"from" : "\bCHAR\b", "to" : "STRING","statement_categories" : ["TABLE_DDL"]},

		{"from" : "\bNCHAR\b", "to" : "STRING","statement_categories" : ["TABLE_DDL"]},
		{"from" : "\:\:NCHAR\b", "to" : "::STRING"},
		{"from" : "as\s+ NCHAR\b", "to" : "as STRING"},
		{"from" : "\bVARCHAR\b\s*\(\d+\)", "to" : "STRING","statement_categories" : ["TABLE_DDL"]},
		{"from" : "\bVARCHAR\b", "to" : "STRING","statement_categories" : ["TABLE_DDL"]},
		{"from" : "\:\:VARCHAR\b", "to" : "::STRING"},
		{"from" : "as\s+VARCHAR\b", "to" : "as STRING"},

		{"from" : "\bNVARCHAR\b", "to" : "STRING","statement_categories" : ["TABLE_DDL"]},
		{"from" : "\:\:NVARCHAR\b", "to" : "::STRING"},
		{"from" : "as\s+NVARCHAR\b", "to" : "as STRING"},

		{"from" : "\bVARCHAR2\b", "to" : "STRING"},
		{"from" : "\:\:VARCHAR2\b", "to" : "::STRING"},
		{"from" : "as\s+VARCHAR2\b", "to" : "as STRING"},

		{"from" : "\bNVARCHAR2\b", "to" : "STRING","statement_categories" : ["TABLE_DDL"]},
		{"from" : "\:\:NVARCHAR2\b", "to" : "::STRING"},
		{"from" : "as\s+NVARCHAR2\b", "to" : "as STRING"},

        {"from" : "\bCHARACTER\b", "to" : "STRING","statement_categories" : ["TABLE_DDL"]},
		{"from" : "\:\:CHARACTER\b", "to" : "::STRING"},
		{"from" : "as\s+CHARACTER\b", "to" : "as STRING"},
	    {"from" : "\bTEXT\s*\(.*?\)", "to" : "STRING","statement_categories" : ["TABLE_DDL"]},
		{"from" : "\bTEXT\b", "to" : "STRING","statement_categories" : ["TABLE_DDL"]},
		{"from" : "\:\:TEXT\b", "to" : "::STRING"},
		{"from" : "as\s+TEXT\b", "to" : "as STRING"},
		{"from" : "\bVARBINARY\b", "to" : "BINARY","statement_categories" : ["TABLE_DDL"]},
	    {"from" : "\bBYTEINT\b", "to" : "TINYINT","statement_categories" : ["TABLE_DDL"]},
		{"from" : "\bFLOAT4\b", "to" : "FLOAT","statement_categories" : ["TABLE_DDL"]},
		{"from" : "\bFLOAT8\b", "to" : "FLOAT","statement_categories" : ["TABLE_DDL"]},
		{"from" : "\bDOUBLE\s+\bPRECISION\b", "to" : "FLOAT","statement_categories" : ["TABLE_DDL"]},
		{"from" : "\bdatetime\b", "to" : "TIMESTAMP","statement_categories" : ["TABLE_DDL"]},
		{"from" : "\btime\b", "to" : "TIMESTAMP","statement_categories" : ["TABLE_DDL"]},
		{"from" : "\btimestamp_ntz\b", "to" : "TIMESTAMP","statement_categories" : ["TABLE_DDL"]},
		{"from" : "\btimestamp_ltz\b", "to" : "TIMESTAMP","statement_categories" : ["TABLE_DDL"]},
		{"from" : "\btimestamp_tz\b", "to" : "TIMESTAMP","statement_categories" : ["TABLE_DDL"]},
		{"from" : "\bBINARY\s*\(.*?\)", "to" : "BINARY","statement_categories" : ["TABLE_DDL"]},
		{"from" : "\bNUMBER\s*\((\s*\*\s*\,\s*\d\s*)\)", "to" : "NUMERIC($1)"},
		{"from" : "\bSTRING\s*\(.*?\)", "to" : "STRING"},

		{"from" : "as\s+\"(\w+)\"", "to" : "AS `$1`"},
		{"from" : "'YYYY\/MM\/DD hh24\:mi\:ss\'", "to" : "'y/MM/dd HH:mm:ss'"},
		{"from" : "'YYYY\/MM\/DD hh12\:mi\:ss\'", "to" : "'y/MM/dd hh:mm:ss'"},
		{"from" : "'MM\/DD\/YYYY hh12\:mi\:ss\'", "to" : "'MM/dd/y hh:mm:ss'"},
		{"from" : "'MM\/DD\/YYYY hh24\:mi\:ss\'", "to" : "'MM/dd/y HH:mm:ss'"},
		{"from" : "'YYYY\.MM\.DD hh24\:mi\:ss\'", "to" : "'y.MM.dd HH:mm:ss'"},
		{"from" : "'YYYY\.MM\.DD hh12\:mi\:ss\'", "to" : "'y.MM.dd hh:mm:ss'"},
		{"from" : "'MM\.DD\.YYYY hh12\:mi\:ss\'", "to" : "'MM.dd.y hh:mm:ss'"},
		{"from" : "'MM\.DD\.YYYY hh24\:mi\:ss\'", "to" : "'MM.dd.y HH:mm:ss'"},
		{"from" : "'YYYY\-MM\-DD hh24\:mi\:ss\'", "to" : "'y-MM-dd HH:mm:ss'"},
		{"from" : "'YYYY\-MM\-DD hh12\:mi\:ss\'", "to" : "'y-MM-dd hh:mm:ss'"},
		{"from" : "'MM\–DD\–YYYY hh12\:mi\:ss\'", "to" : "'MM–dd–y hh:mm:ss'"},
		{"from" : "'MM\–DD\–YYYY hh24\:mi\:ss\'", "to" : "'MM–dd–y HH:mm:ss'"},
		{"from" : "'YYYY\/MM\/DD hh24\:mi\:ss\.FF\'", "to" : "'y/MM/dd HH:mm:ss.SSSSSS'"},
		{"from" : "'YYYY\/MM\/DD hh12\:mi\:ss\.FF\'", "to" : "'y/MM/dd hh:mm:ss.SSSSSS'"},
		{"from" : "'MM\/DD\/YYYY hh12\:mi\:ss\.FF\'", "to" : "'MM/dd/y hh:mm:ss.SSSSSS'"},
		{"from" : "'MM\/DD\/YYYY hh24\:mi\:ss\.FF\'", "to" : "'MM/dd/y HH:mm:ss.SSSSSS'"},
		{"from" : "'YYYY\.MM\.DD hh24\:mi\:ss\.FF\'", "to" : "'y.MM.dd HH:mm:ss.SSSSSS'"},
		{"from" : "'YYYY\.MM\.DD hh12\:mi\:ss\.FF\'", "to" : "'y.MM.dd hh:mm:ss.SSSSSS'"},
		{"from" : "'MM\.DD\.YYYY hh12\:mi\:ss\.FF\'", "to" : "'MM.dd.y hh:mm:ss.SSSSSS'"},
		{"from" : "'MM\.DD\.YYYY hh24\:mi\:ss\.FF\'", "to" : "'MM.dd.y HH:mm:ss.SSSSSS'"},
		{"from" : "'YYYY\-MM\-DD hh24\:mi\:ss\.FF\'", "to" : "'y-MM-dd HH:mm:ss.SSSSSS'"},
		{"from" : "'YYYY\-MM\-DD hh12\:mi\:ss\.FF\'", "to" : "'y-MM-dd hh:mm:ss.SSSSSS'"},
		{"from" : "'MM\–DD\–YYYY hh12\:mi\:ss\.FF\'", "to" : "'MM–dd–y hh:mm:ss.SSSSSS'"},
		{"from" : "'MM\–DD\–YYYY hh24\:mi\:ss\.FF\'", "to" : "'MM–dd–y HH:mm:ss.SSSSSS'"},

		{"from" : "'YYYY\/MM\/DD\"T\"hh24\:mi\:ss\'", "to" : "\"y/MM/dd'T'HH:mm:ss\""},
		{"from" : "'YYYY\/MM\/DD\"T\"hh12\:mi\:ss\'", "to" : "\"y/MM/dd'T'hh:mm:ss\""},
		{"from" : "'MM\/DD\/YYYY\"T\"hh12\:mi\:ss\'", "to" : "\"MM/dd/y'T'hh:mm:ss\""},
		{"from" : "'MM\/DD\/YYYY\"T\"hh24\:mi\:ss\'", "to" : "\"MM/dd/y'T'HH:mm:ss\""},
		{"from" : "'YYYY\.MM\.DD\"T\"hh24\:mi\:ss\'", "to" : "\"y.MM.dd'T'HH:mm:ss\""},
		{"from" : "'YYYY\.MM\.DD\"T\"hh12\:mi\:ss\'", "to" : "\"y.MM.dd'T'hh:mm:ss\""},
		{"from" : "'MM\.DD\.YYYY\"T\"hh12\:mi\:ss\'", "to" : "\"MM.dd.y'T'hh:mm:ss\""},
		{"from" : "'MM\.DD\.YYYY\"T\"hh24\:mi\:ss\'", "to" : "\"MM.dd.y'T'HH:mm:ss\""},
		{"from" : "'YYYY\-MM\-DD\"T\"hh24\:mi\:ss\'", "to" : "\"y-MM-dd'T'HH:mm:ss\""},
		{"from" : "'YYYY\-MM\-DD\"T\"hh12\:mi\:ss\'", "to" : "\"y-MM-dd'T'hh:mm:ss\""},
		{"from" : "'MM\–DD\–YYYY\"T\"hh12\:mi\:ss\'", "to" : "\"MM–dd–y'T'hh:mm:ss\""},
		{"from" : "'MM\–DD\–YYYY\"T\"hh24\:mi\:ss\'", "to" : "\"MM–dd–y'T'HH:mm:ss\""},
		{"from" : "'YYYY\/MM\/DD\"T\"hh24\:mi\:ss\.FF\'", "to" : "\"y/MM/dd'T'HH:mm:ss.SSSSSS\""},
		{"from" : "'YYYY\/MM\/DD\"T\"hh12\:mi\:ss\.FF\'", "to" : "\"y/MM/dd'T'hh:mm:ss.SSSSSS\""},
		{"from" : "'MM\/DD\/YYYY\"T\"hh12\:mi\:ss\.FF\'", "to" : "\"MM/dd/y'T'hh:mm:ss.SSSSSS\""},
		{"from" : "'MM\/DD\/YYYY\"T\"hh24\:mi\:ss\.FF\'", "to" : "\"MM/dd/y'T'HH:mm:ss.SSSSSS\""},
		{"from" : "'YYYY\.MM\.DD\"T\"hh24\:mi\:ss\.FF\'", "to" : "\"y.MM.dd'T'HH:mm:ss.SSSSSS\""},
		{"from" : "'YYYY\.MM\.DD\"T\"hh12\:mi\:ss\.FF\'", "to" : "\"y.MM.dd'T'hh:mm:ss.SSSSSS\""},
		{"from" : "'MM\.DD\.YYYY\"T\"hh12\:mi\:ss\.FF\'", "to" : "\"MM.dd.y'T'hh:mm:ss.SSSSSS\""},
		{"from" : "'MM\.DD\.YYYY\"T\"hh24\:mi\:ss\.FF\'", "to" : "\"MM.dd.y'T'HH:mm:ss.SSSSSS\""},
		{"from" : "'YYYY\-MM\-DD\"T\"hh24\:mi\:ss\.FF\'", "to" : "\"y-MM-dd'T'HH:mm:ss.SSSSSS\""},
		{"from" : "'YYYY\-MM\-DD\"T\"hh12\:mi\:ss\.FF\'", "to" : "\"y-MM-dd'T'hh:mm:ss.SSSSSS\""},
		{"from" : "'MM\–DD\–YYYY\"T\"hh12\:mi\:ss\.FF\'", "to" : "\"MM–dd–y'T'hh:mm:ss.SSSSSS\""},
		{"from" : "'MM\–DD\–YYYY\"T\"hh24\:mi\:ss\.FF\'", "to" : "\"MM–dd–y'T'HH:mm:ss.SSSSSS\""},

		{"from" : "DDMONYYYY", "to" : "ddMMMy"},
		{"from" : "DD-MON-YYYY", "to" : "dd-MMM-y"},
		{"from" : "DD\.MON\.YYYY", "to" : "dd.MMM.y"},
		{"from" : "DD\-MON\-YYYY", "to" : "dd-MMM-y"},
		{"from" : "YYYYMONDD", "to" : "yMMMdd"},
		{"from" : "YYYY-MON-DD", "to" : "y-MMM-dd"},
		{"from" : "YYYY\.MON\.DD", "to" : "y.MMM.dd"},
		{"from" : "YYYY\-MON\-DD", "to" : "y-MMM-dd"},
		{"from" : "yyyymmdd", "to" : "yMMdd"},
		{"from" : "YYYYMMDD", "to" : "yMMdd"},
		{"from" : "YYYY\/MM\/DD", "to" : "y/MM/dd"},
		{"from" : "YYYY\.MM\.DD", "to" : "y.MM.dd"},
		{"from" : "YYYY\-MM\-DD", "to" : "y-MM-dd"},
		{"from" : "DDMMYYYY", "to" : "ddMMy"},
		{"from" : "DD\.MM\.YYYY", "to" : "dd.MM.y"},
		{"from" : "DD\-MM\-YYYY", "to" : "dd-MM-y"},
		{"from" : "DD\/MM\/YYYY", "to" : "dd/MM/y"},
		{"from" : "\bYYYYMM\b", "to" : "yMM"},
		{"from" : "\bYYYY\-MM\b", "to" : "y-MM"},
		{"from" : "\bYYYY\.MM\b", "to" : "y.MM"},
		{"from" : "\bYYYY\/MM\b", "to" : "y/MM"},
		{"from" : "\bMMYYYY\b", "to" : "MMy"},
		{"from" : "\bMM\/YYYY\b", "to" : "MM/y"},
		{"from" : "\bMM\.YYYY\b", "to" : "MM.y"},
		{"from" : "\bMM\-YYYY\b", "to" : "MM-y"},
		{"from" : "\bDDMM\b", "to" : "ddMM"},
		{"from" : "\bDD\-MM\b", "to" : "dd-MM"},
		{"from" : "\bDD\.MM\b", "to" : "dd.MM"},
		{"from" : "\bDD\/MM\b", "to" : "dd/MM"},
		{"from" : "MMDDYYYY", "to" : "MMddy"},
		{"from" : "MM\.DD\.YYYY", "to" : "MM.dd.y"},
		{"from" : "MM\-DD\-YYYY", "to" : "MM-dd-y"},
		{"from" : "MM\.DD\.YYYY", "to" : "MM.dd.y"},

		{"from" : "'YY\/MM\/DD hh24\:mi\:ss\'", "to" : "'yy/MM/dd HH:mm:ss'"},
		{"from" : "'YY\/MM\/DD hh12\:mi\:ss\'", "to" : "'yy/MM/dd hh:mm:ss'"},
		{"from" : "'MM\/DD\/YY hh12\:mi\:ss\'", "to" : "'MM/dd/yy hh:mm:ss'"},
		{"from" : "'MM\/DD\/YY hh24\:mi\:ss\'", "to" : "'MM/dd/yy HH:mm:ss'"},
		{"from" : "'YY\.MM\.DD hh24\:mi\:ss\'", "to" : "'yy.MM.dd HH:mm:ss'"},
		{"from" : "'YY\.MM\.DD hh12\:mi\:ss\'", "to" : "'yy.MM.dd hh:mm:ss'"},
		{"from" : "'MM\.DD\.YY hh12\:mi\:ss\'", "to" : "'MM.dd.yy hh:mm:ss'"},
		{"from" : "'MM\.DD\.YY hh24\:mi\:ss\'", "to" : "'MM.dd.yy HH:mm:ss'"},
		{"from" : "'YY\-MM\-DD hh24\:mi\:ss\'", "to" : "'yy-MM-dd HH:mm:ss'"},
		{"from" : "'YY\-MM\-DD hh12\:mi\:ss\'", "to" : "'yy-MM-dd hh:mm:ss'"},
		{"from" : "'MM\–DD\–YY hh12\:mi\:ss\'", "to" : "'MM–dd–yy hh:mm:ss'"},
		{"from" : "'MM\–DD\–YY hh24\:mi\:ss\'", "to" : "'MM–dd–yy HH:mm:ss'"},

		{"from" : "'YY\/MM\/DD hh24\:mi\:ss\.FF\'", "to" : "'yy/MM/dd HH:mm:ss.SSSSSS'"},
		{"from" : "'YY\/MM\/DD hh12\:mi\:ss\.FF\'", "to" : "'yy/MM/dd hh:mm:ss.SSSSSS'"},
		{"from" : "'MM\/DD\/YY hh12\:mi\:ss\.FF\'", "to" : "'MM/dd/yy hh:mm:ss.SSSSSS'"},
		{"from" : "'MM\/DD\/YY hh24\:mi\:ss\.FF\'", "to" : "'MM/dd/yy HH:mm:ss.SSSSSS'"},
		{"from" : "'YY\.MM\.DD hh24\:mi\:ss\.FF\'", "to" : "'yy.MM.dd HH:mm:ss.SSSSSS'"},
		{"from" : "'YY\.MM\.DD hh12\:mi\:ss\.FF\'", "to" : "'yy.MM.dd hh:mm:ss.SSSSSS'"},
		{"from" : "'MM\.DD\.YY hh12\:mi\:ss\.FF\'", "to" : "'MM.dd.yy hh:mm:ss.SSSSSS'"},
		{"from" : "'MM\.DD\.YY hh24\:mi\:ss\.FF\'", "to" : "'MM.dd.yy HH:mm:ss.SSSSSS'"},
		{"from" : "'YY\-MM\-DD hh24\:mi\:ss\.FF\'", "to" : "'yy-MM-dd HH:mm:ss.SSSSSS'"},
		{"from" : "'YY\-MM\-DD hh12\:mi\:ss\.FF\'", "to" : "'yy-MM-dd hh:mm:ss.SSSSSS'"},
		{"from" : "'MM\–DD\–YY hh12\:mi\:ss\.FF\'", "to" : "'MM–dd–yy hh:mm:ss.SSSSSS'"},
		{"from" : "'MM\–DD\–YY hh24\:mi\:ss\.FF\'", "to" : "'MM–dd–yy HH:mm:ss.SSSSSS'"},


		{"from" : "'YY\/MM\/DD\"T\"hh24\:mi\:ss\'", "to" : "\"yy/MM/dd'T'HH:mm:ss\""},
		{"from" : "'YY\/MM\/DD\"T\"hh12\:mi\:ss\'", "to" : "\"yy/MM/dd'T'hh:mm:ss\""},
		{"from" : "'MM\/DD\/YY\"T\"hh12\:mi\:ss\'", "to" : "\"MM/dd/yy'T'hh:mm:ss\""},
		{"from" : "'MM\/DD\/YY\"T\"hh24\:mi\:ss\'", "to" : "\"MM/dd/yy'T'HH:mm:ss\""},
		{"from" : "'YY\.MM\.DD\"T\"hh24\:mi\:ss\'", "to" : "\"yy.MM.dd'T'HH:mm:ss\""},
		{"from" : "'YY\.MM\.DD\"T\"hh12\:mi\:ss\'", "to" : "\"yy.MM.dd'T'hh:mm:ss\""},
		{"from" : "'MM\.DD\.YY\"T\"hh12\:mi\:ss\'", "to" : "\"MM.dd.yy'T'hh:mm:ss\""},
		{"from" : "'MM\.DD\.YY\"T\"hh24\:mi\:ss\'", "to" : "\"MM.dd.yy'T'HH:mm:ss\""},
		{"from" : "'YY\-MM\-DD\"T\"hh24\:mi\:ss\'", "to" : "\"yy-MM-dd'T'HH:mm:ss\""},
		{"from" : "'YY\-MM\-DD\"T\"hh12\:mi\:ss\'", "to" : "\"yy-MM-dd'T'hh:mm:ss\""},
		{"from" : "'MM\–DD\–YY\"T\"hh12\:mi\:ss\'", "to" : "\"MM–dd–yy'T'hh:mm:ss\""},
		{"from" : "'MM\–DD\–YY\"T\"hh24\:mi\:ss\'", "to" : "\"MM–dd–yy'T'HH:mm:ss\""},
		{"from" : "'YY\/MM\/DD\"T\"hh24\:mi\:ss\.FF\'", "to" : "\"yy/MM/dd'T'HH:mm:ss.SSSSSS\""},
		{"from" : "'YY\/MM\/DD\"T\"hh12\:mi\:ss\.FF\'", "to" : "\"yy/MM/dd'T'hh:mm:ss.SSSSSS\""},
		{"from" : "'MM\/DD\/YY\"T\"hh12\:mi\:ss\.FF\'", "to" : "\"MM/dd/yy'T'hh:mm:ss.SSSSSS\""},
		{"from" : "'MM\/DD\/YY\"T\"hh24\:mi\:ss\.FF\'", "to" : "\"MM/dd/yy'T'HH:mm:ss.SSSSSS\""},
		{"from" : "'YY\.MM\.DD\"T\"hh24\:mi\:ss\.FF\'", "to" : "\"yy.MM.dd'T'HH:mm:ss.SSSSSS\""},
		{"from" : "'YY\.MM\.DD\"T\"hh12\:mi\:ss\.FF\'", "to" : "\"yy.MM.dd'T'hh:mm:ss.SSSSSS\""},
		{"from" : "'MM\.DD\.YY\"T\"hh12\:mi\:ss\.FF\'", "to" : "\"MM.dd.yy'T'hh:mm:ss.SSSSSS\""},
		{"from" : "'MM\.DD\.YY\"T\"hh24\:mi\:ss\.FF\'", "to" : "\"MM.dd.yy'T'HH:mm:ss.SSSSSS\""},
		{"from" : "'YY\-MM\-DD\"T\"hh24\:mi\:ss\.FF\'", "to" : "\"yy-MM-dd'T'HH:mm:ss.SSSSSS\""},
		{"from" : "'YY\-MM\-DD\"T\"hh12\:mi\:ss\.FF\'", "to" : "\"yy-MM-dd'T'hh:mm:ss.SSSSSS\""},
		{"from" : "'MM\–DD\–YY\"T\"hh12\:mi\:ss\.FF\'", "to" : "\"MM–dd–yy'T'hh:mm:ss.SSSSSS\""},
		{"from" : "'MM\–DD\–YY\"T\"hh24\:mi\:ss\.FF\'", "to" : "\"MM–dd–yy'T'HH:mm:ss.SSSSSS\""},
		{"from" : "'DY\, DD MON YYYY HH24\:MI\:SS TZHTZM\'", "to" : "\"E, dd MMM y HH:mm:ss xx\""},
		{"from" : "'DY\, DD MON YYYY HH24\:MI\:SS\.FF TZHTZM\'", "to" : "\"E, dd MMM y HH:mm:ss.SSSSSS xx\""},
		{"from" : "'DY\, DD MON YYYY HH12\:MI\:SS TZHTZM\'", "to" : "\"E, dd MMM y hh:mm:ss xx\""},
		{"from" : "'DY\, DD MON YYYY HH12\:MI\:SS\.FF TZHTZM\'", "to" : "\"E, dd MMM y hh:mm:ss.SSSSSS xx\""},

	    {"from" : "'DY\,\s+DD\s+MON\s+YYYY\s+HH24\:MI\:SS\s+AM\s+TZHTZM\'", "to" : "\"E, dd MMM y HH:mm:ss xx\""},
		{"from" : "'DY\,\s+DD\s+MON\s+YYYY\s+HH24\:MI\:SS\.FF\s+AM\s+TZHTZM\'", "to" : "\"E, dd MMM y HH:mm:ss.SSSSSS xx\""},
		{"from" : "'DY\,\s+DD\s+MON\s+YYYY\s+HH12\:MI\:SS\s+AM\s+TZHTZM\'", "to" : "\"E, dd MMM y hh:mm:ss xx\""},
		{"from" : "'DY\,\s+DD\s+MON\s+YYYY\s+HH12\:MI\:SS\.FF\s+AM\s+TZHTZM\'", "to" : "\"E, dd MMM y hh:mm:ss.SSSSSS xx\""},
		{"from" : "'DY\,\s+DD\s+MON\s+YYYY\s+HH24\:MI\:SS\s+AM\'", "to" : "\"E, dd MMM y HH:mm:ss\""},
		{"from" : "'DY\,\s+DD\s+MON\s+YYYY\s+HH24\:MI\:SS\.FF\s+AM\'", "to" : "\"E, dd MMM y HH:mm:ss.SSSSSS\""},
		{"from" : "'DY\,\s+DD\s+MON\s+YYYY\s+HH12\:MI\:SS\s+AM\'", "to" : "\"E, dd MMM y hh:mm:ss\""},
		{"from" : "'DY\,\s+DD\s+MON\s+YYYY\s+HH12\:MI\:SS\.FF\s+AM\'", "to" : "\"E, dd MMM y hh:mm:ss.SSSSSS\""},
		{"from" : "'MON\–DD\–YY hh24\:mi\:ss\'", "to" : "'MMM–dd–yy HH:mm:ss'"},
		{"from" : "'MON\–DD\-YY hh12\:mi\:ss\'", "to" : "'MMM–dd–yy hh:mm:ss'"},
		{"from" : "'MON\.DD\.YY hh24\:mi\:ss\'", "to" : "'MMM.dd.yy HH:mm:ss'"},
		{"from" : "'MON\.DD\.YY hh12\:mi\:ss\'", "to" : "'MMM.dd.yy hh:mm:ss'"},
		{"from" : "'MON\/DD\/YY hh24\:mi\:ss\'", "to" : "'MMM/dd/yy HH:mm:ss'"},
		{"from" : "'MON\/DD\/YY hh12\:mi\:ss\'", "to" : "'MMM/dd/yy hh:mm:ss'"},
		{"from" : "'DD\-MON\–YY hh24\:mi\:ss\'", "to" : "'dd-MMM–yy HH:mm:ss'"},
		{"from" : "'DD\-MON\–YY hh12\:mi\:ss\'", "to" : "'dd-MMM–yy hh:mm:ss'"},
		{"from" : "'DD\.MON\.YY hh24\:mi\:ss\'", "to" : "'dd.MMM.yy HH:mm:ss'"},
		{"from" : "'DD\.MON\.YY hh12\:mi\:ss\'", "to" : "'dd.MMM.yy hh:mm:ss'"},
        {"from" : "'DD\/MON\/YY hh24\:mi\:ss\'", "to" : "'dd/MMM/yy HH:mm:ss'"},
		{"from" : "'DD\/MON\/YY hh12\:mi\:ss\'", "to" : "'dd/MMM/yy hh:mm:ss'"},
		{"from" : "'MON\–DD\–YYYY hh24\:mi\:ss\'", "to" : "'MMM–dd–y HH:mm:ss'"},
		{"from" : "'MON\–DD\-YYYY hh12\:mi\:ss\'", "to" : "'MMM–dd–y hh:mm:ss'"},
		{"from" : "'MON\.DD\.YYYY hh24\:mi\:ss\'", "to" : "'MMM.dd.y HH:mm:ss'"},
		{"from" : "'MON\.DD\.YYYY hh12\:mi\:ss\'", "to" : "'MMM.dd.y hh:mm:ss'"},
		{"from" : "'MON\/DD\/YYYY hh24\:mi\:ss\'", "to" : "'MMM/dd/y HH:mm:ss'"},
		{"from" : "'MON\/DD\/YYYY hh12\:mi\:ss\'", "to" : "'MMM/dd/y hh:mm:ss'"},
		{"from" : "'DD\-MON\–YYYY hh24\:mi\:ss\'", "to" : "'dd-MMM–y HH:mm:ss'"},
		{"from" : "'DD\-MON\–YYYY hh12\:mi\:ss\'", "to" : "'dd-MMM–y hh:mm:ss'"},
		{"from" : "'DD\.MON\.YYYY hh24\:mi\:ss\'", "to" : "'dd.MMM.y HH:mm:ss'"},
		{"from" : "'DD\.MON\.YYYY hh12\:mi\:ss\'", "to" : "'dd.MMM.y hh:mm:ss'"},
        {"from" : "'DD\/MON\/YYYY hh24\:mi\:ss\'", "to" : "'dd/MMM/y HH:mm:ss'"},
		{"from" : "'DD\/MON\/YYYY hh12\:mi\:ss\'", "to" : "'dd/MMM/y hh:mm:ss'"},

		{"from" : "'YYYY\-MON\–DD hh24\:mi\:ss\'", "to" : "'y-MMM–dd HH:mm:ss'"},
		{"from" : "'YYYY\-MON\–DD hh12\:mi\:ss\'", "to" : "'y-MMM–dd hh:mm:ss'"},
		{"from" : "'YYYY\.MON\.DD hh24\:mi\:ss\'", "to" : "'y.MMM.dd HH:mm:ss'"},
		{"from" : "'YYYY\.MON\.DD hh12\:mi\:ss\'", "to" : "'y.MMM.dd hh:mm:ss'"},
		{"from" : "'YYYY\/MON\/DD hh24\:mi\:ss\'", "to" : "'y/MMM/dd HH:mm:ss'"},
		{"from" : "'YYYY\/MON\/DD hh12\:mi\:ss\'", "to" : "'y/MMM/dd hh:mm:ss'"},
		{"from" : "'YYYY\-DD\-MON hh24\:mi\:ss\'", "to" : "'y-dd-MMM HH:mm:ss'"},
		{"from" : "'YYYY\-DD\-MON hh12\:mi\:ss\'", "to" : "'y-dd-MMM hh:mm:ss'"},
		{"from" : "'YYYY\.DD\.MON hh24\:mi\:ss\'", "to" : "'y.dd.MMM HH:mm:ss'"},
		{"from" : "'YYYY\.DD\.MON hh12\:mi\:ss\'", "to" : "'y.dd.MMM hh:mm:ss'"},
        {"from" : "'YYYY\/DD\/MON hh24\:mi\:ss\'", "to" : "'y/dd/MMM HH:mm:ss'"},
		{"from" : "'YYYY\/DD\/MON hh12\:mi\:ss\'", "to" : "'y/dd/MMM hh:mm:ss'"},
		{"from" : "'YYYY\-MON\–DD hh24\:mi\:ss\'", "to" : "'y-MMM–dd HH:mm:ss'"},
		{"from" : "'YYYY\-MON\–DD hh12\:mi\:ss\'", "to" : "'y-MMM–dd hh:mm:ss'"},
		{"from" : "'YYYY\.MON\.DD hh24\:mi\:ss\'", "to" : "'y.MMM.dd HH:mm:ss'"},
		{"from" : "'YYYY\.MON\.DD hh12\:mi\:ss\'", "to" : "'y.MMM.dd hh:mm:ss'"},
		{"from" : "'YYYY\/MON\/DD hh24\:mi\:ss\'", "to" : "'y/MMM/dd HH:mm:ss'"},
		{"from" : "'YYYY\/MON\/DD hh12\:mi\:ss\'", "to" : "'y/MMM/dd hh:mm:ss'"},
		{"from" : "'YYYY\-DD\-MON hh24\:mi\:ss\'", "to" : "'y-dd-MMM HH:mm:ss'"},
		{"from" : "'YYYY\-DD\-MON hh12\:mi\:ss\'", "to" : "'y-dd-MMM hh:mm:ss'"},
		{"from" : "'YYYY\.DD\.MON hh24\:mi\:ss\'", "to" : "'y.dd.MMM HH:mm:ss'"},
		{"from" : "'YYYY\.DD\.MON hh12\:mi\:ss\'", "to" : "'y.dd.MMM hh:mm:ss'"},
        {"from" : "'YYYY\/DD\/MON hh24\:mi\:ss\'", "to" : "'y/dd/MMM HH:mm:ss'"},
		{"from" : "'YYYY\/DD\/MON hh12\:mi\:ss\'", "to" : "'y/dd/MMM hh:mm:ss'"},

		{"from" : "'YYYY\-MON\–DD hh24\:mi\:ss\'", "to" : "'y-MMM–dd HH:mm:ss'"},
		{"from" : "'YYYY\-MON\–DD hh\:mi\:ss\'", "to" : "'y-MMM–dd hh:mm:ss'"},
		{"from" : "'YYYY\.MON\.DD hh\:mi\:ss\'", "to" : "'y.MMM.dd hh:mm:ss'"},
		{"from" : "'YYYY\/MON\/DD hh\:mi\:ss\'", "to" : "'y/MMM/dd hh:mm:ss'"},
		{"from" : "'YYYY\-DD\-MON hh\:mi\:ss\'", "to" : "'y-dd-MMM hh:mm:ss'"},
		{"from" : "'YYYY\.DD\.MON hh\:mi\:ss\'", "to" : "'y.dd.MMM hh:mm:ss'"},
		{"from" : "'YYYY\/DD\/MON hh\:mi\:ss\'", "to" : "'y/dd/MMM hh:mm:ss'"},
		{"from" : "'YYYY\-MON\–DD hh\:mi\:ss\'", "to" : "'y-MMM–dd hh:mm:ss'"},
		{"from" : "'YYYY\.MON\.DD hh\:mi\:ss\'", "to" : "'y.MMM.dd hh:mm:ss'"},
		{"from" : "'YYYY\/MON\/DD hh\:mi\:ss\'", "to" : "'y/MMM/dd hh:mm:ss'"},
		{"from" : "'YYYY\-DD\-MON hh\:mi\:ss\'", "to" : "'y-dd-MMM hh:mm:ss'"},
		{"from" : "'YYYY\.DD\.MON hh\:mi\:ss\'", "to" : "'y.dd.MMM hh:mm:ss'"},
		{"from" : "'YYYY\/DD\/MON hh\:mi\:ss\'", "to" : "'y/dd/MMM hh:mm:ss'"},

		{"from" : "DDMONYY", "to" : "ddMMMyy"},
		{"from" : "DD-MON-YY", "to" : "dd-MMM-yy"},
		{"from" : "DD\.MON\.YY", "to" : "dd.MMM.yy"},
		{"from" : "DD\-MON\-YY", "to" : "dd-MMM-yy"},
		{"from" : "YYMONDD", "to" : "yyMMMdd"},
		{"from" : "YY-MON-DD", "to" : "yy-MMM-dd"},
		{"from" : "YY\.MON\.DD", "to" : "yy.MMM.dd"},
		{"from" : "YY\-MON\-DD", "to" : "yy-MMM-dd"},
		{"from" : "YYMMDD", "to" : "yyMMdd"},
		{"from" : "YY\/MM\/DD", "to" : "yy/MM/dd"},
		{"from" : "YY\.MM\.DD", "to" : "yy.MM.dd"},
		{"from" : "YY\-MM\-DD", "to" : "yy-MM-dd"},
		{"from" : "DDMMYY", "to" : "ddMMyy"},
		{"from" : "DD\.MM\.YY", "to" : "dd.MM.yy"},
		{"from" : "DD\-MM\-YY", "to" : "dd-MM-yy"},
		{"from" : "DD\/MM\/YY", "to" : "dd/MM/yy"},
		{"from" : "\bYYMM\b", "to" : "yyMM"},
		{"from" : "\bYY\-MM\b", "to" : "yy-MM"},
		{"from" : "\bYY\.MM\b", "to" : "yy.MM"},
		{"from" : "\bYY\/MM\b", "to" : "yy/MM"},
		{"from" : "\bMMYY\b", "to" : "MMyy"},
		{"from" : "\bMM\/YY\b", "to" : "MM/yy"},
		{"from" : "\bMM\.YY\b", "to" : "MM.yy"},
		{"from" : "\bMM\-YY\b", "to" : "MM-yy"},
		{"from" : "\bDDMM\b", "to" : "ddMM"},
		{"from" : "\bDD\-MM\b", "to" : "dd-MM"},
		{"from" : "\bDD\.MM\b", "to" : "dd.MM"},
		{"from" : "\bDD\/MM\b", "to" : "dd/MM"},
		{"from" : "MMDDYY", "to" : "MMddyy"},
		{"from" : "MM\.DD\.YY", "to" : "MM.dd.yy"},
		{"from" : "MM\-DD\-YY", "to" : "MM-dd-yy"},
		{"from" : "MM\.DD\.YY", "to" : "MM.dd.yy"},
		{"from" : "\'(\d\d)\-(\w\w\w)\-(\d\d\d\d)\'", "to" : "'$3-$2-$1'"},
		{"from" : "\'(\d\d)\.(\w\w\w)\.(\d\d\d\d)\'", "to" : "'$3.$2.$1'"},
		{"from" : "\'(\d\d)\/(\w\w\w)\/(\d\d\d\d)\'", "to" : "'$3/$2/$1'"},
		{"from" : "\'(\d\d)\-(\w+)\-(\d\d\d\d)\'", "to" : "'$3-$2-$1'"},
		{"from" : "\'(\d\d)\.(\w+)\.(\d\d\d\d)\'", "to" : "'$3.$2.$1'"},
		{"from" : "\'(\d\d)\/(\w+)\/(\d\d\d\d)\'", "to" : "'$3/$2/$1'"},
		{"from" : "\bJAN\b", "to" : "01"},
		{"from" : "\bFEB\b", "to" : "02"},
		{"from" : "\bMAR\b", "to" : "03"},
		{"from" : "\bAPR\b", "to" : "04"},
		{"from" : "\bMAY\b", "to" : "05"},
		{"from" : "\bJUN\b", "to" : "06"},
		{"from" : "\bJUL\b", "to" : "07"},
		{"from" : "\bAUG\b", "to" : "08"},
		{"from" : "\bSEP\b", "to" : "09"},
		{"from" : "\bOCT\b", "to" : "10"},
		{"from" : "\bNOV\b", "to" : "11"},
		{"from" : "\bDEC\b", "to" : "12"},
		{"from" : "\bYYYY\b", "to" : "y"},
		{"from" : "\'hh24\:mi\:ss\'", "to" : "'HH:mm:ss'"},
		{"from" : "\'hh12\:mi\:ss\'", "to" : "'hh:mm:ss'"},
		{"from" : "\'hh24\.mi\.ss\'", "to" : "'HH.mm.ss'"},
		{"from" : "\'hh12\.mi\.ss\'", "to" : "'hh.mm.ss'"},
		{"from" : "hh24\:mi\:ss", "to" : "HH:mm:ss"},
		{"from" : "hh12\:mi\:ss", "to" : "hh:mm:ss"},
		{"from" : "hh24\.mi\.ss", "to" : "HH.mm.ss"},
		{"from" : "hh12\.mi\.ss", "to" : "hh.mm.ss"},
		{"from" : "HH\.MI\.SS", "to" : "hh.mm.ss"},
		{"from" : "HH\:MI\:SS", "to" : "hh:mm:ss"},
	    {"from" : "TO_CHAR\((.*?)\,\s*\'IW\'\)", "to" : "WEEKOFYEAR($1)"},
		{"from" : "HH24\:MI\:SS.FF", "to" : "HH:mm:ss.SSSSSS"},
		{"from" : "TZH\:TZM", "to" : "xxx"},
	    {"from" : "TZHTZM", "to" : "Z"},
	    {"from" : "TZH\:TZM", "to" : "xxx"},
	    {"from" : "TZH", "to" : "x"},
		{"from" : "TO_CHAR\s*\(\s*(\w+)\s*\,\s*\'Mon\'\s*\)", "to" : "DATE_FORMAT($1,'MMM')"},
	    {"from" : "NOT\s+NULL", "to" : "NOT_NULL", "statement_categories" : ["TABLE_DDL"]}, //change NOT NULL to NOT_NULL
		{"from" : "\bNULL\b", "to" : "", "statement_categories" : ["TABLE_DDL"]}, // get rid of NULL words
		{"from" : "NOT_NULL", "to" : "NOT NULL", "statement_categories" : ["TABLE_DDL"]},
		{"from" : "\"\s*\+\s*(\b\w+\b\s*(?![\(|\-]).*?)\+\s*\"", "to" : "\"+str($1)+\""},
		{"from" : "\`\s*\+\s*(\b\w+\b.*?)\+\s*\`", "to" : "\"\"\"+str($1)+\"\"\""},
		{"from" : "(?<!\")(\b\w+)\.\"(.*?)\"", "to" : "$1._BAC_TICK_$2_BAC_TICK_"},
		{"from" : "_BAC_TICK__BAC_TICK_\"", "to" : "\"\"\""},
		{"from" : "getColumnScale\s*\(\s*(\w+)\s*\)", "to" : "len(str(df.first()[$1-_SUB_ONE]).split('.')[1])"},
		{"from" : "\.len","to" : ".lnth"},
		{"from" : "\!(\w+)","to" : "not $1"},
		{"from" : "\&\&","to" : " and "},
		{"from" : "getRowCount\(\)","to" : "count()"},
		{"from" : "(?<![CREATE|REPLACE])(\s+)function","to" : "$1def"},
		{"from" : "\;\;", "to" : ";"},
		{"from" : "partition by (\w+\s*)\)", "to" : "PARTITION BY $1 ORDER BY 1 )"},
		{"from" : "partition by (\w+\s*\,\s*\w+\s*)\)", "to" : "PARTITION BY $1 ORDER BY 1 )"},
		{"from" : "partition by (\w+\s*\,\s*\w+\s*\,\s*\w+\s*)\)", "to" : "PARTITION BY $1 ORDER BY 1 )"},
		{"from" : "partition by (\w+\s*\,\s*\w+\s*\,\s*\w+\s*\,\s*\w+\s*)\)", "to" : "PARTITION BY $1 ORDER BY 1 )"}

        		//change back from NOT_NULL to NOT NULL


	],

	"block_subst" : [
		
		{"from" : "loop\d+\s*\:", "to" : ""},
		{"from" : "\s*\/\/\s*loop\d+\s+end", "to" : ""},
		{"from" : "\bINTEGER\b\s+BIGINT\s*\(\s*1\s*\,\s*\1\)", "to" : "bigint generated by default as identity"},
		{"from" : "\bINTEGER\b\s+identity\s*\(\s*1\s*\,\s*\1\)", "to" : "bigint generated by default as identity"},
		{"from" : "(\<python\>\s*\<tab\_count\:\d+\>\s*\bif\b.*?)\s*\{", "to" : "$1:"},
		{"from" : "(\<python\>\s*\<tab\_count\:\d+\>\s*)\bfor\b(.*?)\s*\{", "to" : "$1for$2:"},
		{"from" : "CREATE\s+TEMP\s+TABLE\s+(\w+)\s*\(\s*like\s+(\w+)\)" ,"to" : "CREATE OR REPLACE TEMP VIEW $1 LIKE $2/* FIX ME databricks.migration.unsupported.feature TEMPORARY TABLE INSERT ON TEMP VIEW NOT SUPPORTED PLEASE REVIEW CODE */","statement_categories" : ["TABLE_DDL"],"first_match":1},
 	    {"from" : "CREATE\s+GLOBAL\s+TEMPORARY\s+TABLE\s+(\w+)\s+AS" ,"to" : "CREATE OR REPLACE TEMP VIEW $1 AS /* FIX ME databricks.migration.unsupported.feature TEMPORARY TABLE INSERT ON TEMP VIEW NOT SUPPORTED PLEASE REVIEW CODE */","statement_categories" : ["TABLE_DDL"],"first_match":1},
        {"from" : "CREATE\s+TEMPORARY\s+TABLE\s+(\w+)\s+AS" ,"to" :			 "CREATE OR REPLACE TEMP VIEW $1 AS /* FIX ME databricks.migration.unsupported.feature TEMPORARY TABLE INSERT ON TEMP VIEW NOT SUPPORTED PLEASE REVIEW CODE */","statement_categories" : ["TABLE_DDL"],"first_match":1},
        {"from" : "CREATE\s+TEMP\s+TABLE\s+(\w+)\s+AS" ,"to" :               "CREATE OR REPLACE TEMP VIEW $1 AS /* FIX ME databricks.migration.unsupported.feature TEMPORARY TABLE INSERT ON TEMP VIEW NOT SUPPORTED PLEASE REVIEW CODE */","statement_categories" : ["TABLE_DDL"],"first_match":1},
        {"from" : "CREATE\s+PRIVATE\s+TEMPORARY\s+TABLE\s+(\w+)\s+AS" ,"to" :"CREATE OR REPLACE TEMP VIEW $1 AS /* FIX ME databricks.migration.unsupported.feature TEMPORARY TABLE INSERT ON TEMP VIEW NOT SUPPORTED PLEASE REVIEW CODE */","statement_categories" : ["TABLE_DDL"],"first_match":1},
	    {"from" : "CREATE\s+LOCAL\s+TEMPORARY\s+TABLE\s+(\w+)\s+AS" ,"to" :  "CREATE OR REPLACE TEMP VIEW $1 AS /* FIX ME databricks.migration.unsupported.feature TEMPORARY TABLE INSERT ON TEMP VIEW NOT SUPPORTED PLEASE REVIEW CODE */","statement_categories" : ["TABLE_DDL"],"first_match":1},
		{"from" : "CREATE\s+GLOBAL\s+TEMPORARY\s+TABLE" ,"to" : "CREATE OR REPLACE TABLE/* FIX ME databricks.migration.unsupported.feature TEMPORARY TABLE ADD DROP TABLE AT APPROPRIATE PLACE MAUALLY */","statement_categories" : ["TABLE_DDL"],"first_match":1},
        {"from" : "CREATE\s+TEMPORARY\s+TABLE" ,"to" :			"CREATE OR REPLACE TABLE/* FIX ME databricks.migration.unsupported.feature TEMPORARY TABLE ADD DROP TABLE AT APPROPRIATE PLACE MAUALLY */","statement_categories" : ["TABLE_DDL"],"first_match":1},
        {"from" : "CREATE\s+TEMP\s+TABLE" ,"to" :               "CREATE OR REPLACE TABLE/* FIX ME databricks.migration.unsupported.feature TEMPORARY TABLE ADD DROP TABLE AT APPROPRIATE PLACE MAUALLY */","statement_categories" : ["TABLE_DDL"],"first_match":1},
        {"from" : "CREATE\s+PRIVATE\s+TEMPORARY\s+TABLE" ,"to" :"CREATE OR REPLACE TABLE/* FIX ME databricks.migration.unsupported.feature TEMPORARY TABLE ADD DROP TABLE AT APPROPRIATE PLACE MAUALLY */","statement_categories" : ["TABLE_DDL"],"first_match":1},
  	    {"from" : "CREATE\s+LOCAL\s+TEMPORARY\s+TABLE" ,"to" :"CREATE OR REPLACE TABLE/* FIX ME databricks.migration.unsupported.feature TEMPORARY TABLE ADD DROP TABLE AT APPROPRIATE PLACE MAUALLY */","statement_categories" : ["TABLE_DDL"],"first_match":1},
		
		//{"from" : "\<python\>", "to" : ""},
		{"from" : "\<python\>\<tab\_count\:0\>\s*", "to" : ""},
		{"from" : "\<python\>\<tab\_count\:1\>\s*", "to" : "\t"},
		{"from" : "\<python\>\<tab\_count\:2\>\s*", "to" : "\t\t"},
		{"from" : "\<python\>\<tab\_count\:3\>\s*", "to" : "\t\t\t"},
		{"from" : "\<python\>\<tab\_count\:4\>\s*", "to" : "\t\t\t\t"},
		{"from" : "\<python\>\<tab\_count\:5\>\s*", "to" : "\t\t\t\t\t"},
		{"from" : "\<tab\_count\:0\>\s*", "to" : ""},
		{"from" : "\<tab\_count\:1\>\s*", "to" : "\t"},
		{"from" : "\<tab\_count\:2\>\s*", "to" : "\t\t"},
		{"from" : "\<tab\_count\:3\>\s*", "to" : "\t\t\t"},
		{"from" : "\<tab\_count\:4\>\s*", "to" : "\t\t\t\t"},
		{"from" : "\<tab\_count\:5\>\s*", "to" : "\t\t\t\t\t"},
		{"from" : "(\w+\.)\$(\d+)", "to" : "$1_DOLLAR_$2-- FIXME. databricks.migrations.unsupported  Column reference by position"},
		{"from" : "var\s+dummy \=\'dummy\'\;", "to" : "\t\t\t\t\t"},
		{"from" : "(returns\s+\w+.*)\bas\b(.*?)\;" ,"to" : "$1return$2"},
		{"from" : "(returns\s+\w+\s+)as(\s*\'.*?\')" ,"to" : "$1return$2"},
		{"from" : "(returns\s+\w+\s+\s*\(.*?\)\s*)as" ,"to" : "$1return"},
		{"from" : "comment\s*\=" ,"to" : "comment"},
		{"from" : "(?<!\_DONE\_)(select.*?match_recognize)" ,"to" : "-- FIXME. databricks.migrations.unsupported  match_recognize clause\n_DONE_$1"},
		{"from" : "(?<!\_DONE\_)(select.*?=>)" ,"to" : "-- FIXME. databricks.migrations.unsupported  Named  paramaters in function call\n_DONE_$1"},
      	{"from" : "(?<!\_DONE\_)(pivot.*for)(.*?)(as\s+\w+)" ,"to" : "_DONE_$1 $3 $2"},
	    {"from" : "(?<!\_DONE\_)(with\s+recursive)" ,"to" : "-- FIXME. databricks.migrations.unsupported  Recurive CTE\n_DONE_$1"},
		{"from" : "(?<!\_DONE\_)(select.*?start\s+with.*?connect\b)" ,"to" : "-- FIXME. databricks.migrations.unsupported  Hierarchical Query\n_DONE_$1"},
		{"from" : "(?<!\_DONE\_)(select.*?start\s+with.*?connect\b)" ,"to" : "-- FIXME. databricks.migrations.unsupported  Hierarchical Query\n_DONE_$1"},
        {"from" : "\bUNIQUE\s*\,", "to" : ",-- FIXME databricks.migration.unsupported.feature UNIQUE CONSTRAINT  "},
        {"from" : "\bUNIQUE\s*\;", "to" : ";-- FIXME databricks.migration.unsupported.feature UNIQUE CONSTRAINT  "},
		{"from" : "\bUNIQUE\s*\)", "to" : ")-- FIXME databricks.migration.unsupported.feature UNIQUE CONSTRAINT  "},
        {"from" : "CONSTRAINT\s+(\w+)\s+UNIQUE.*?\,", "to" : ",-- FIXME databricks.migration.unsupported.feature UNIQUE CONSTRAINT $1 "},
        {"from" : "CONSTRAINT\s+(\w+)\s+UNIQUE(.*?)\;", "to" : ";-- FIXME databricks.migration.unsupported.feature UNIQUE CONSTRAINT $1 $2 "},
		{"from" : "(?<!\_DONE\_)(select.*?nextval)", "to" : "-- FIXME databricks.migration.unsupported.feature sequence\n_DONE_$1"},
		{"from" : "(?<!\_DONE\_)(select.*?curval)", "to" : "-- FIXME databricks.migration.unsupported.feature sequence\n_DONE_$1"},
		{"from" : "(?<!\_DONE\_)(create.*?sequence)", "to" : "-- FIXME databricks.migration.unsupported.feature sequence\n_DONE_$1"},
		{"from" : "(\<python\>\s*\<tab\_count\:\d+\>\s*)if(.*?)\s*\{", "to" : "$1if$2:"},
		//{"from" : "\"" ,"to" : "`"},
		{"from" : "\$\$" ,"to" : "\"\"\""},
		{"from" : "(\w+)\.replace\s*\(\s*\/(.*?)\/(.*?)\,(.*?)\)", "to" : "re.sub(\"$2\",\"$4\",$1)"},
		{"from" : "(?<!\_DONE\_)(from\s+\w+\s+tablesample)\s*\((.*?)\)", "to" : "_DONE_$1($2 percent)"},
		{"from" : "(from\s+\w+)\s+\bsample\s*\((.*?)\)", "to" : "$1 tablesample($2 percent)"},
		{"from" : "_DOLLAR_" ,"to" : "$"},
		{"from" : "\bwhile\b(.*?)\s*\{", "to" : "while$1:"},
		
		{"from" : "\n\n", "to" : "\n"},
		{"from" : "\btry\s*\{", "to" : "try:"},
		{"from" : "catch\s*\(\s*(\w+\s*)\)\s*\{", "to" : "except Exception as $1:"},
		{"from" : "(\w+)\.message", "to" : "$1"},
		{"from" : "\=\s*\`", "to" : "= f\"\"\""},
		{"from" : "(?<!\.)\`", "to" : "\"\"\""},
		{"from" : "\bvar\s+(\w+\s*\=)(\s*\n\s*[\"|\'])", "to" : "$1\$2"},
	    {"from" : "\bvar\s+(\w+\s*=)", "to" : "$1"},
		{"from" : "\bvar\s+(\w+\s*\;)", "to" : "$1"},
		{"from" : "return\s+(\".*?)\;", "to" : "dbutils.notebook.exit($1)"},
		{"from" : "return\s+(\w+)\s*\;", "to" : "dbutils.notebook.exit($1)"},
//		{"from" : "\;(?!\')", "to" : ""},
		//{"from" : "snowflake\.createStatement\s*\(\s*\{\s*sqlText\s*\:\s*(\"\"\".*?\"\"\",\s*binds.*?)\}\)\;", "to" : "$1"},
		{"from" : "snowflake\.createStatement\s*\(\s*\{\s*sqlText\s*\:\s*(\"\"\".*?\"\"\")\s*\}\s*\)\s*\;", "to" : "f$1;"},
		{"from" : "snowflake\.createStatement\s*\(\s*\{\s*sqlText\s*\:\s*(\".*?\")\s*\}\s*\)\s*\;", "to" : "f$1;"},
		{"from" : "snowflake\.createStatement\s*\(\s*\{\s*sqlText\s*\:\s*(\".*?\")\s*\}\s*\)\s*\)\s*", "to" : "f$1;"},
		{"from" : "snowflake\.createStatement\s*\(\s*\{\s*sqlText\s*\:\s*\"\"\"(.*?)\"\"\"\s*\}\s*\)\s*\;", "to" : "f\"\"\"$1\"\"\";"},
		{"from" : "snowflake\.createStatement\s*\(\s*\{\s*sqlText\s*\:\s*(\w+)\s*\}\s*\)\s*\;", "to" : "$1;"},
		{"from" : "snowflake\.createStatement\s*\(\s*(\w+)\s*\)\s*\;", "to" : "$1"},
		{"from" : "snowflake\.createStatement\s*\(\s*\{\s*sqlText\s*\:\s*\"\"\"(.*?)\"\"\"\s*\}\s*\)\;", "to" : "f$1;"},
		{"from" : "snowflake\.createStatement\s*\(\s*\{\s*sqlText\s*\:\s*(\w+)\s*\}\s*\)\.execute\s*\(\s*\)\s*\;", "to" : "spark.sql(f$1);"},
		{"from" : "snowflake\.createStatement\s*\(\s*\{\s*sqlText\s*\:\s*(\".*?\")\s*\}\s*\)\.execute\s*\(\s*\)\s*\;", "to" : "spark.sql(f$1);"},
		{"from" : "snowflake\.createStatement\s*\(\s*\{\s*sqlText\s*\:\s*\"\"\"(.*?)\"\"\"\s*\}\s*\)\.execute\s*\(\s*\)\s*\;", "to" : "spark.sql(f\"\"\"$1\"\"\");"},
		{"from" : "(\w+)\.execute\s*\(\)", "to" : "spark.sql($1)"},
		{"from" : "\w+\.execute\s*\(\s*\{\s*sqlText\:\s*(\w+)\s*\}\s*\)\s*", "to" : "spark.sql($1)"},
		{"from" : "snowflake\.execute\s*\(\s*\{\s*sqlText\:\s*(\"\"\".*?\"\"\")\s*\}\s*\)\s*", "to" : "spark.sql($1)"},
		{"from" : "\{\s*sqlText\s*\:\s*(\w+)\s*\}", "to" : "$1"},
		
		{"from" : "\}\s*(\'|\$\$|\`|\"\"\")\s*\;", "to" : ""},
		{"from" : "\$\$\;", "to" : ""},
		{"from" : "\$\$", "to" : ""},
		{"from" : "\/\/", "to" : "#"},
		{"from" : "\'\'(\w+)\'\'", "to" : "\"\"\"$1\"\"\""},
		{"from" : "\'\'\"\"\"", "to" : "'\"\"\""},
		{"from" : "\"\"\"\'\'", "to" : "\"\"\"'"},
		{"from" : "\"\"\"\"", "to" : "''"},	
		{"from" : "\"\s+\+\s*(\b\w+\b)\s*(?![\(|\-])", "to" : "\"+str($1)"},
		
		{"from" : "FROM\s+DUAL", "to" : ""},
		{"from" : "while\s*\((\w+)\.next\s*\(\s*\)\s*\)", "to" : "for $1_index, $1_row in enumerate($1__CURSOR_SUFIX__"},
		{"from" : "(\w+)\.getColumnValue\(\s*(\d+)\s*\)", "to" : "$1_row[$2_SUB_ONE]"},
		//{"from" : "(?<!\')\'\'(?!\')", "to" : "'"},
		
       // {"from" : "(\<tab_count:\d+\>)\s*\<tab_count:\d+\>", "to" : "$1"}, 
		{"from" : "SELECT\s+TOP\s+(\d+)(.*)\;", "to" : "SELECT $2 $1;"},
		{"from" : "UPDATE\s+(\w*\.*\w*\.*\w+\s+\w*\s*)\bSET(\b.*?)\bFROM\s+(\(.*\)\s*AS\s+\w+)\s+?WHERE(.*?)\;", "to" : "merge into $1 using $3\n\t on $4\n\t WHEN MATCHED THEN \n\t UPDATE SET\n\t $2;"},
		{"from" : "UPDATE\s+(\w*\.*\w*\.*\w+\s+\w*\s*)\bSET(\b.*?)\bFROM\s+(\(.*\)\s*\w+)\s+?WHERE(.*?)\;", "to" : "merge into $1 using $3\n\t on $4\n\t WHEN MATCHED THEN \n\t UPDATE SET\n\t $2;"},
        {"from" : "UPDATE\s+(\w*\.*\w*\.*\w+\s+\w*\s*)\bSET(\b.*)\bFROM\b\s+(\w*\.*\w*\.*\w+\s+\w+)\s+where(.*?)\;", "to" : "merge into $1 using $3\n\t on $4\n\t WHEN MATCHED THEN \n\t UPDATE SET\n\t $2;"},
		{"from" : "UPDATE\s+(\w*\.*\w+\.+\w+\s+\w*\s*)\bSET(\b.*?)\bFROM\b\s+(\w*\.*\w*\.*\w+\s+\w+)\s+where(.*?)\;", "to" : "merge into $1 using $3\n\t on $4\n\t WHEN MATCHED THEN \n\t UPDATE SET\n\t $2;"},
		//{"from" : "UPDATE\s+(\w*\.*\w*\.*\w+\s+\w*\s*)\bSET(\b.*?)\bFROM\s+(\(.*\)\s*\w+)\s+?WHERE(.*?)\;", "to" : "merge into $1 using $3\n\t on $4\n\t WHEN MATCHED THEN \n\t UPDATE SET\n\t $2;"},
        //{"from" : "UPDATE\s+(\w*\.*\w*\.*\w+\s+\w*\s*)\bSET(\b.*)\bFROM\b\s+(\w*\.*\w*\.*\w+\s+\w+)\s+where(.*?)\;", "to" : "merge into $1 using $3\n\t on $4\n\t WHEN MATCHED THEN \n\t UPDATE SET\n\t $2;"},
		{"from" : "delete\s+from\s+(\w*\.*\w*\.*\w+\s+\w*)\s+using\s*(.*)where(.*?)\;", "to" : "merge into $1\nusing $2\n on $3\nWHEN MATCHED THEN DELETE\;"},
		{"from" : "delete\s+from\s+(\w*\.*\w+)\s+where\s+\((\w+)(.*?\s*\));", "to" : "merge into $1 tgt using ( select $2 from $1 \nwhere ($2$3 sc\n\t\t\t on tgt.$2 = sc.$2 \n\t\t\tWHEN MATCHED THEN DELETE;"},
 	    {"from" : "delete\s+from\s+(\w*\.*\w+)\s+where\s+(\w+)\s+in\s*(\(.*?\)\s*)\;", "to" : "merge into $1 tgt \nusing $3 src\n\t\t\t on tgt.$2 = src.$2\n\t\t\t WHEN MATCHED THEN DELETE;"},
		{"from" : "script\:.*?$", "to" : "Databricks notebook source\n"},
		{"from" : "(\w+)\.getColumnValue\s*\(\s*\"\"(\w+)\"\"\s*\)\s*", "to" : "$1_row['$2']"},
		{"from" : "\$(\{\w+\})", "to" : "$1"},
		{"from" : "\$(\w+)", "to" : "{$1}"},
		{"from" : "\_DONE\_", "to" : ""},
		
		//{"from" : "(?<!\{)\s*\}\s*\;", "to" : ""},
		{"from" : "\:\s*\;", "to" : ":"},
		{"from" : "\;\s*\;", "to" : ";"},
		{"from" : "else\s*\{", "to" : "else:"},
		{"from" : "\=\=\s*null", "to" : "is None"},
		{"from" : "(\w+)\.toString\s*\(\)", "to" : "str($1)"},
		{"from" : "\{\s*\;", "to" : ""},
		{"from" : "_BAC_TICK_", "to" : "`"},	
		{"from" : "\belsif\b", "to" : "elif"},
		{"from" : "\blet\b\s*", "to" : ""},
		{"from" : "(\w+)\.next\(\)", "to" : "$1.first()[0]"},
		{"from" : "\bthrow\s*(\"\"\".*?\"\"\")", "to" : "raise Exception($1)"},
		{"from" : "\bthrow\s*(\w+)", "to" : "raise Exception(str($1))"},
		{"from" : "JSON\.parse\s*\((\w+)\.getColumnValue\s*\(\s*(\"\"\"\w+\"\"\")\s*\)\s*\)", "to" : "json.loads($1.first()[$2]))"},
		{"from" : "(partition\s+by\s+\w*\.*\w+\s*)\)", "to" : "$1 ORDER BY 1)"},
		
		{"from" : "(partition\s+by\s+\w*\.*\w+\s*\,\s*\w*\.*\w+\s*)\)", "to" : "$1 ORDER BY 1)"},
		{"from" : "(partition\s+by\s+\w*\.*\w+\s*\,\s*\w*\.*\w+\s*\,\s*\w*\.*\w+\s*)\)", "to" : "$1 ORDER BY 1)"},
		{"from" : "(partition\s+by\s+\w*\.*\w+\s*\,\s*\w*\.*\w+\s*\,\s*\w*\.*\w+\s*\,\s*\w*\.*\w+\s*)\)", "to" : "$1 ORDER BY 1)"},
		{"from" : "(partition\s+by\s+\w*\.*\w+\s*\,\s*\w*\.*\w+\s*\,\s*\w*\.*\w+\s*\,\s*\w*\.*\w+\s*\,\s*\w*\.*\w+\s*)\)", "to" : "$1 ORDER BY 1)"},
		{"from" : "(partition\s+by\s+\w*\.*\w+\s*\,\s*\w*\.*\w+\s*\,\s*\w*\.*\w+\s*\,\s*\w*\.*\w+\s*\,\s*\w*\.*\w+\s*\,\s*\w*\.*\w+\s*\s*)\)", "to" : "$1 ORDER BY 1)"},
		{"from" : "(partition\s+by\s+\w*\.*\w+\s*\,\s*\w*\.*\w+\s*\,\s*\w*\.*\w+\s*\,\s*\w*\.*\w+\s*\,\s*\w*\.*\w+\s*\,\s*\w*\.*\w+\s*\,\s*\w*\.*\w+\s*\s*)\)", "to" : "$1 ORDER BY 1)"}
		
		
	],

	//"fragment_handling" : {
	//	"COMMENT" : "::convert_comment",
	//	"PROC_START" : "::process_PROC_START",
	//	"WRITE_DML" : "::convert_dml",
	//	"TRUNCATE_TABLE" : "::convert_dml",
	//	"EXECUTE_SQL" : "::convert_dml",
	//	"TABLE_VAR_DECLARE" : "::convert_table_var_declare",
	//	"VAR_DECLARE" : "::blank", // this does not add any wrapping around the SQL
	//	"VAR_ASSIGNMENT" : "::convert_var_assignment",
	//	"READ_DML" : "::read_dml",
	//	"READ_WITH" : "::convert_with",
	//	"LEFTOVER_COMMENT_CLOSURE" : "::remove_leftover_comment_closure",
	//	"NOCOUNT" : "::blank",
	//	"SEMICOLON" : "::blank",
	//	"IF_START" : "::convert_start_if",
	//	"IF_END" : "::convert_end_if",
	//	"BEGIN_KW" : "::blank",
	//	"PROC_FINISH" : "::blank",
	//	"DROP_TEMP_TABLE" : "::blank"
	//	//,"MULTY_DECLARE" : "::remove_multy_declare"
	//},

	"function_subst" : [
	{"from" : "DATE_PART","arg_pattern" : {"1" : "year"},"output_template" :"DATE_PART2('$1',$2)"}	,
	{"from" : "DATE_PART","arg_pattern" : {"1" : "month"},"output_template" :"DATE_PART2('$1',$2)"}	,
	{"from" : "DATE_PART","arg_pattern" : {"1" : "week"},"output_template" :"DATE_PART2('$1',$2)"}	,
	{"from" : "DATE_PART","arg_pattern" : {"1" : "hour"},"output_template" :"DATE_PART2('$1',$2)"}	,
    {"from" : "DATE_PART","arg_pattern" : {"1" : "minute"},"output_template" :"DATE_PART2('$1',$2)"}	,
	{"from" : "DATE_PART","arg_pattern" : {"1" : "second"},"output_template" :"DATE_PART2('$1',$2)"},
	{"from" : "DATE_PART","arg_pattern" : {"1" : "day"},"output_template" :"DATE_PART2('$1',$2)"},
	{"from" : "DATE_PART","arg_pattern" : {"1" : "quarter"},"output_template" :"DATE_PART2('$1',$2)"},
    {"from" : "DATE_TRUNC","arg_pattern" : {"1" : "year"},"output_template" :"DATE_TRUNC2('$1',$2)"}	,
	{"from" : "DATE_TRUNC","arg_pattern" : {"1" : "month"},"output_template" :"DATE_TRUNC2('$1',$2)"}	,
	{"from" : "DATE_TRUNC","arg_pattern" : {"1" : "week"},"output_template" :"DATE_TRUNC2('$1',$2)"}	,
	{"from" : "DATE_TRUNC","arg_pattern" : {"1" : "hour"},"output_template" :"DATE_TRUNC2('$1',$2)"}	,
    {"from" : "DATE_TRUNC","arg_pattern" : {"1" : "minute"},"output_template" :"DATE_TRUNC2('$1',$2)"}	,
	{"from" : "DATE_TRUNC","arg_pattern" : {"1" : "second"},"output_template" :"DATE_TRUNC2('$1',$2)"},
    {"from" : "DATE_TRUNC","arg_pattern" : {"1" : "day"},"output_template" :"DATE_TRUNC2('$1',$2)"},
	{"from" : "DATE_TRUNC","arg_pattern" : {"1" : "quarter"},"output_template" :"DATE_TRUNC2('$1',$2)"},
	{"from" : "EXTRACT","arg_pattern" : {"1" : "year"},"output_template" :"EXTRACT2('$1',$2)"}	,
	{"from" : "EXTRACT","arg_pattern" : {"1" : "month"},"output_template" :"EXTRACT2('$1',$2)"}	,
	{"from" : "EXTRACT","arg_pattern" : {"1" : "week"},"output_template" :"EXTRACT2('$1',$2)"}	,
	{"from" : "EXTRACT","arg_pattern" : {"1" : "hour"},"output_template" :"EXTRACT2('$1',$2)"}	,
    {"from" : "EXTRACT","arg_pattern" : {"1" : "minute"},"output_template" :"EXTRACT2('$1',$2)"}	,
	{"from" : "EXTRACT","arg_pattern" : {"1" : "second"},"output_template" :"EXTRACT2('$1',$2)"},
	{"from" : "EXTRACT","arg_pattern" : {"1" : "day"},"output_template" :"EXTRACT2('$1',$2)"},
	{"from" : "EXTRACT","arg_pattern" : {"1" : "quarter"},"output_template" :"EXTRACT2('$1',$2)"},
	{"from" : "EXTRACT","arg_pattern" : {"1" : "year"},"output_template" :"EXTRACT2('$1',$2)"}	,
	{"from" : "EXTRACT","arg_pattern" : {"1" : "month"},"output_template" :"EXTRACT2('$1',$2)"}	,
	{"from" : "EXTRACT","arg_pattern" : {"1" : "week"},"output_template" :"EXTRACT2('$1',$2)"}	,
	{"from" : "EXTRACT","arg_pattern" : {"1" : "hour"},"output_template" :"EXTRACT2('$1',$2)"}	,
    {"from" : "EXTRACT","arg_pattern" : {"1" : "minute"},"output_template" :"EXTRACT2('$1',$2)"}	,
	{"from" : "EXTRACT","arg_pattern" : {"1" : "second"},"output_template" :"EXTRACT2('$1',$2)"},
	{"from" : "EXTRACT","arg_pattern" : {"1" : "day"},"output_template" :"EXTRACT2('$1',$2)"},
	{"from" : "EXTRACT","arg_pattern" : {"1" : "quarter"},"output_template" :"EXTRACT2('$1',$2)"},
	{"from" : "DATE_PART2","to" :"DATE_PART"},
	{"from" : "DATE_TRUNC2","to" :"DATE_TRUNC"},
	{"from" : "EXTRACT2","to" :"EXTRACT"},
	{"from" : "DAYNAME","output_template" :"date_format($1,'EEE')"},
	{"from" : "LEN","to" :"LENGTH"},
	{"from" : "RTRIMMED_LENGTH","output_template" :"LENGTH(RTRIM($1))"},
	{"from" : "TO_CHAR","arg_pattern" : {"2" : "'y\/MM\/dd HH\:mm\:ss'"},"output_template" :"DATE_FORMAT($1,$2)"},
	{"from" : "TO_CHAR","arg_pattern" : {"2" : "'y\/MM\/dd hh\:mm\:ss'"},"output_template" :"DATE_FORMAT($1,$2)"},
	{"from" : "TO_CHAR","arg_pattern" : {"2" : "'MM\/dd\/y hh\:mm\:ss'"},"output_template" :"DATE_FORMAT($1,$2)"},
	{"from" : "TO_CHAR","arg_pattern" : {"2" : "'MM\/dd\/y HH\:mm\:ss'"},"output_template" :"DATE_FORMAT($1,$2)"},
	{"from" : "TO_CHAR","arg_pattern" : {"2" : "'y\.MM\.dd HH\:mm\:ss'"},"output_template" :"DATE_FORMAT($1,$2)"},
	{"from" : "TO_CHAR","arg_pattern" : {"2" : "'y\.MM\.dd hh\:mm\:ss'"},"output_template" :"DATE_FORMAT($1,$2)"},
	{"from" : "TO_CHAR","arg_pattern" : {"2" : "'MM\.dd\.y hh\:mm\:ss'"},"output_template" :"DATE_FORMAT($1,$2)"},
	{"from" : "TO_CHAR","arg_pattern" : {"2" : "'MM\.dd\.y HH\:mm\:ss'"},"output_template" :"DATE_FORMAT($1,$2)"},
	{"from" : "TO_CHAR","arg_pattern" : {"2" : "'y\-MM\-dd HH\:mm\:ss'"},"output_template" :"DATE_FORMAT($1,$2)"},
	{"from" : "TO_CHAR","arg_pattern" : {"2" : "'y\-MM\-dd hh\:mm\:ss'"},"output_template" :"DATE_FORMAT($1,$2)"},
	{"from" : "TO_CHAR","arg_pattern" : {"2" : "'MM\–dd\–y hh\:mm\:ss'"},"output_template" :"DATE_FORMAT($1,$2)"},
	{"from" : "TO_CHAR","arg_pattern" : {"2" : "'MM\–dd\–y HH\:mm\:ss'"},"output_template" :"DATE_FORMAT($1,$2)"},
	{"from" : "TO_CHAR","arg_pattern" : {"2" : "'y\/MM\/dd HH\:mm\:ss\.SSSSSS'"},"output_template" :"DATE_FORMAT($1,$2)"},
	{"from" : "TO_CHAR","arg_pattern" : {"2" : "'y\/MM\/dd hh\:mm\:ss\.SSSSSS'"},"output_template" :"DATE_FORMAT($1,$2)"},
	{"from" : "TO_CHAR","arg_pattern" : {"2" : "'MM\/dd\/y hh\:mm\:ss\.SSSSSS'"},"output_template" :"DATE_FORMAT($1,$2)"},
	{"from" : "TO_CHAR","arg_pattern" : {"2" : "'MM\/dd\/y HH\:mm\:ss\.SSSSSS'"},"output_template" :"DATE_FORMAT($1,$2)"},
	{"from" : "TO_CHAR","arg_pattern" : {"2" : "'y\.MM\.dd HH\:mm\:ss\.SSSSSS'"},"output_template" :"DATE_FORMAT($1,$2)"},
	{"from" : "TO_CHAR","arg_pattern" : {"2" : "'y\.MM\.dd hh\:mm\:ss\.SSSSSS'"},"output_template" :"DATE_FORMAT($1,$2)"},
	{"from" : "TO_CHAR","arg_pattern" : {"2" : "'MM\.dd\.y hh\:mm\:ss\.SSSSSS'"},"output_template" :"DATE_FORMAT($1,$2)"},
	{"from" : "TO_CHAR","arg_pattern" : {"2" : "'MM\.dd\.y HH\:mm\:ss\.SSSSSS'"},"output_template" :"DATE_FORMAT($1,$2)"},
	{"from" : "TO_CHAR","arg_pattern" : {"2" : "'y\-MM\-dd HH\:mm\:ss\.SSSSSS'"},"output_template" :"DATE_FORMAT($1,$2)"},
	{"from" : "TO_CHAR","arg_pattern" : {"2" : "'y\-MM\-dd hh\:mm\:ss\.SSSSSS'"},"output_template" :"DATE_FORMAT($1,$2)"},
	{"from" : "TO_CHAR","arg_pattern" : {"2" : "'MM\–dd\–y hh\:mm\:ss\.SSSSSS'"},"output_template" :"DATE_FORMAT($1,$2)"},
	{"from" : "TO_CHAR","arg_pattern" : {"2" : "'MM\–dd\–y HH\:mm\:ss\.SSSSSS'"},"output_template" :"DATE_FORMAT($1,$2)"},
	{"from" : "TO_CHAR","arg_pattern" : {"2" : "'dd\-MMM\-y HH\:mm\:ss\.SSSSSS Z'"},"output_template" :"DATE_FORMAT($1,$2)"},
	{"from" : "TO_CHAR","arg_pattern" : {"2" : "'dd\-MMM\-y HH\:mm\:ss\.SSSSSS'"},"output_template" :"DATE_FORMAT($1,$2)"},
	{"from" : "TO_CHAR","arg_pattern" : {"2" : "'dd\-MMM\-y HH\:mm\:ss'"},"output_template" :"DATE_FORMAT($1,$2)"},
	{"from" : "TO_CHAR","arg_pattern" : {"2" : "'dd\-MMM\-y"},"output_template" :"DATE_FORMAT($1,$2)"},
	{"from" : "TO_CHAR","arg_pattern" : {"2" : "'y\-MMM\-dd HH\:mm\:ss\.SSSSSS Z'"},"output_template" :"DATE_FORMAT($1,$2)"},
	{"from" : "TO_CHAR","arg_pattern" : {"2" : "'y\-MMM\-dd HH\:mm\:ss\.SSSSSS'"},"output_template" :"DATE_FORMAT($1,$2)"},
	{"from" : "TO_CHAR","arg_pattern" : {"2" : "'y\-MMM\-dd HH\:mm\:ss'"},"output_template" :"DATE_FORMAT($1,$2)"},
	{"from" : "TO_CHAR","arg_pattern" : {"2" : "'y\-MMM\-dd"},"output_template" :"DATE_FORMAT($1,$2)"},
	{"from" : "TO_CHAR","arg_pattern" : {"2" : "'dd\.MMM\.y HH\:mm\:ss\.SSSSSS Z'"},"output_template" :"DATE_FORMAT($1,$2)"},
	{"from" : "TO_CHAR","arg_pattern" : {"2" : "'dd\.MMM\.y HH\:mm\:ss\.SSSSSS'"},"output_template" :"DATE_FORMAT($1,$2)"},
	{"from" : "TO_CHAR","arg_pattern" : {"2" : "'dd\.MMM\.y HH\:mm\:ss'"},"output_template" :"DATE_FORMAT($1,$2)"},
	{"from" : "TO_CHAR","arg_pattern" : {"2" : "'dd\.MMM\.y"},"output_template" :"DATE_FORMAT($1,$2)"},
	{"from" : "TO_CHAR","arg_pattern" : {"2" : "'y\.MMM\.dd HH\:mm\:ss\.SSSSSS Z'"},"output_template" :"DATE_FORMAT($1,$2)"},
	{"from" : "TO_CHAR","arg_pattern" : {"2" : "'y\.MMM\.dd HH\:mm\:ss\.SSSSSS'"},"output_template" :"DATE_FORMAT($1,$2)"},
	{"from" : "TO_CHAR","arg_pattern" : {"2" : "'y\.MMM\.dd HH\:mm\:ss'"},"output_template" :"DATE_FORMAT($1,$2)"},
	{"from" : "TO_CHAR","arg_pattern" : {"2" : "'y\.MMM\.dd"},"output_template" :"DATE_FORMAT($1,$2)"},
	{"from" : "TO_CHAR","arg_pattern" : {"2" : "'dd\-MMM\-y HH\:mm\:ss\.SSSSSS Z'"},"output_template" :"DATE_FORMAT($1,$2)"},
	{"from" : "TO_CHAR","arg_pattern" : {"2" : "'dd\-MMM\-y HH\:mm\:ss\.SSSSSS'"},"output_template" :"DATE_FORMAT($1,$2)"},
	{"from" : "TO_CHAR","arg_pattern" : {"2" : "'dd\-MMM\-y HH\:mm\:ss'"},"output_template" :"DATE_FORMAT($1,$2)"},
	{"from" : "TO_CHAR","arg_pattern" : {"2" : "'dd\-MMM\-y"},"output_template" :"DATE_FORMAT($1,$2)"},
	{"from" : "TO_CHAR","arg_pattern" : {"2" : "'y\-MMM\-dd HH\:mm\:ss\.SSSSSS Z'"},"output_template" :"DATE_FORMAT($1,$2)"},
	{"from" : "TO_CHAR","arg_pattern" : {"2" : "'y\-MMM\-dd HH\:mm\:ss\.SSSSSS'"},"output_template" :"DATE_FORMAT($1,$2)"},
	{"from" : "TO_CHAR","arg_pattern" : {"2" : "'y\-MMM\-dd HH\:mm\:ss'"},"output_template" :"DATE_FORMAT($1,$2)"},
	{"from" : "TO_CHAR","arg_pattern" : {"2" : "'y\-MMM\-dd"},"output_template" :"DATE_FORMAT($1,$2)"},
	{"from" : "TO_CHAR","arg_pattern" : {"2" : "'y\/MM\/dd'"},"output_template" :"DATE_FORMAT($1,$2)"},
	{"from" : "TO_CHAR","arg_pattern" : {"2" : "'y\/MM\/dd'"},"output_template" :"DATE_FORMAT($1,$2)"},
	{"from" : "TO_CHAR","arg_pattern" : {"2" : "'MM/dd\/y'"},"output_template" :"DATE_FORMAT($1,$2)"},
	{"from" : "TO_CHAR","arg_pattern" : {"2" : "'MM/dd\/y'"},"output_template" :"DATE_FORMAT($1,$2)"},
	{"from" : "TO_CHAR","arg_pattern" : {"2" : "'y\.MM\.dd'"},"output_template" :"DATE_FORMAT($1,$2)"},
	{"from" : "TO_CHAR","arg_pattern" : {"2" : "'y\.MM\.dd'"},"output_template" :"DATE_FORMAT($1,$2)"},
	{"from" : "TO_CHAR","arg_pattern" : {"2" : "'MM\.dd\.y'"},"output_template" :"DATE_FORMAT($1,$2)"},
	{"from" : "TO_CHAR","arg_pattern" : {"2" : "'MM\.dd\.y'"},"output_template" :"DATE_FORMAT($1,$2)"},
	{"from" : "TO_CHAR","arg_pattern" : {"2" : "'y\-MM\-dd'"},"output_template" :"DATE_FORMAT($1,$2)"},
	{"from" : "TO_CHAR","arg_pattern" : {"2" : "'yMMdd'"},"output_template" :"DATE_FORMAT($1,$2)"},
	{"from" : "TO_CHAR","arg_pattern" : {"2" : "'MM\–dd\–y'"},"output_template" :"DATE_FORMAT($1,$2)"},
	{"from" : "TO_CHAR","arg_pattern" : {"2" : "'MM\–dd\–y'"},"output_template" :"DATE_FORMAT($1,$2)"},
	{"from" : "TO_CHAR","arg_pattern" : {"2" : "'yy\/MM\/dd HH\:mm\:ss'"},"output_template" :"DATE_FORMAT($1,$2)"},
	{"from" : "TO_CHAR","arg_pattern" : {"2" : "'yy\/MM\/dd hh\:mm\:ss'"},"output_template" :"DATE_FORMAT($1,$2)"},
	{"from" : "TO_CHAR","arg_pattern" : {"2" : "'MM\/dd\/yy hh\:mm\:ss'"},"output_template" :"DATE_FORMAT($1,$2)"},
	{"from" : "TO_CHAR","arg_pattern" : {"2" : "'MM\/dd\/yy HH\:mm\:ss'"},"output_template" :"DATE_FORMAT($1,$2)"},
	{"from" : "TO_CHAR","arg_pattern" : {"2" : "'yy\.MM\.dd HH\:mm\:ss'"},"output_template" :"DATE_FORMAT($1,$2)"},
	{"from" : "TO_CHAR","arg_pattern" : {"2" : "'yy\.MM\.dd hh\:mm\:ss'"},"output_template" :"DATE_FORMAT($1,$2)"},
	{"from" : "TO_CHAR","arg_pattern" : {"2" : "'MM\.dd\.yy hh\:mm\:ss'"},"output_template" :"DATE_FORMAT($1,$2)"},
	{"from" : "TO_CHAR","arg_pattern" : {"2" : "'MM\.dd\.yy HH\:mm\:ss'"},"output_template" :"DATE_FORMAT($1,$2)"},
	{"from" : "TO_CHAR","arg_pattern" : {"2" : "'yy\-MM\-dd HH\:mm\:ss'"},"output_template" :"DATE_FORMAT($1,$2)"},
	{"from" : "TO_CHAR","arg_pattern" : {"2" : "'yy\-MM\-dd hh\:mm\:ss'"},"output_template" :"DATE_FORMAT($1,$2)"},
	{"from" : "TO_CHAR","arg_pattern" : {"2" : "'MM\–dd\–yy hh\:mm\:ss'"},"output_template" :"DATE_FORMAT($1,$2)"},
	{"from" : "TO_CHAR","arg_pattern" : {"2" : "'MM\–dd\–yy HH\:mm\:ss'"},"output_template" :"DATE_FORMAT($1,$2)"},
	{"from" : "TO_CHAR","arg_pattern" : {"2" : "'yy\/MM\/dd HH\:mm\:ss\.SSSSSS'"},"output_template" :"DATE_FORMAT($1,$2)"},
	{"from" : "TO_CHAR","arg_pattern" : {"2" : "'yy\/MM\/dd hh\:mm\:ss\.SSSSSS'"},"output_template" :"DATE_FORMAT($1,$2)"},
	{"from" : "TO_CHAR","arg_pattern" : {"2" : "'MM\/dd\/yy hh\:mm\:ss\.SSSSSS'"},"output_template" :"DATE_FORMAT($1,$2)"},
	{"from" : "TO_CHAR","arg_pattern" : {"2" : "'MM\/dd\/yy HH\:mm\:ss\.SSSSSS'"},"output_template" :"DATE_FORMAT($1,$2)"},
	{"from" : "TO_CHAR","arg_pattern" : {"2" : "'yy\.MM\.dd HH\:mm\:ss\.SSSSSS'"},"output_template" :"DATE_FORMAT($1,$2)"},
	{"from" : "TO_CHAR","arg_pattern" : {"2" : "'yy\.MM\.dd hh\:mm\:ss\.SSSSSS'"},"output_template" :"DATE_FORMAT($1,$2)"},
	{"from" : "TO_CHAR","arg_pattern" : {"2" : "'MM\.dd\.yy hh\:mm\:ss\.SSSSSS'"},"output_template" :"DATE_FORMAT($1,$2)"},
	{"from" : "TO_CHAR","arg_pattern" : {"2" : "'MM\.dd\.yy HH\:mm\:ss\.SSSSSS'"},"output_template" :"DATE_FORMAT($1,$2)"},
	{"from" : "TO_CHAR","arg_pattern" : {"2" : "'yy\-MM\-dd HH\:mm\:ss\.SSSSSS'"},"output_template" :"DATE_FORMAT($1,$2)"},
	{"from" : "TO_CHAR","arg_pattern" : {"2" : "'yy\-MM\-dd hh\:mm\:ss\.SSSSSS'"},"output_template" :"DATE_FORMAT($1,$2)"},
	{"from" : "TO_CHAR","arg_pattern" : {"2" : "'MM\–dd\–yy hh\:mm\:ss\.SSSSSS'"},"output_template" :"DATE_FORMAT($1,$2)"},
	{"from" : "TO_CHAR","arg_pattern" : {"2" : "'MM\–dd\–yy HH\:mm\:ss\.SSSSSS'"},"output_template" :"DATE_FORMAT($1,$2)"},
	{"from" : "TO_CHAR","arg_pattern" : {"2" : "'dd\-MMM\-yy HH\:mm\:ss\.SSSSSS Z'"},"output_template" :"DATE_FORMAT($1,$2)"},
	{"from" : "TO_CHAR","arg_pattern" : {"2" : "'dd\-MMM\-yy HH\:mm\:ss\.SSSSSS'"},"output_template" :"DATE_FORMAT($1,$2)"},
	{"from" : "TO_CHAR","arg_pattern" : {"2" : "'dd\-MMM\-yy HH\:mm\:ss'"},"output_template" :"DATE_FORMAT($1,$2)"},
	{"from" : "TO_CHAR","arg_pattern" : {"2" : "'dd\-MMM\-yy"},"output_template" :"DATE_FORMAT($1,$2)"},
	{"from" : "TO_CHAR","arg_pattern" : {"2" : "'yy\-MMM\-dd HH\:mm\:ss\.SSSSSS Z'"},"output_template" :"DATE_FORMAT($1,$2)"},
	{"from" : "TO_CHAR","arg_pattern" : {"2" : "'yy\-MMM\-dd HH\:mm\:ss\.SSSSSS'"},"output_template" :"DATE_FORMAT($1,$2)"},
	{"from" : "TO_CHAR","arg_pattern" : {"2" : "'yy\-MMM\-dd HH\:mm\:ss'"},"output_template" :"DATE_FORMAT($1,$2)"},
	{"from" : "TO_CHAR","arg_pattern" : {"2" : "'yy\-MMM\-dd"},"output_template" :"DATE_FORMAT($1,$2)"},
	{"from" : "TO_CHAR","arg_pattern" : {"2" : "'dd\.MMM\.yy HH\:mm\:ss\.SSSSSS Z'"},"output_template" :"DATE_FORMAT($1,$2)"},
	{"from" : "TO_CHAR","arg_pattern" : {"2" : "'dd\.MMM\.yy HH\:mm\:ss\.SSSSSS'"},"output_template" :"DATE_FORMAT($1,$2)"},
	{"from" : "TO_CHAR","arg_pattern" : {"2" : "'dd\.MMM\.yy HH\:mm\:ss'"},"output_template" :"DATE_FORMAT($1,$2)"},
	{"from" : "TO_CHAR","arg_pattern" : {"2" : "'dd\.MMM\.yy"},"output_template" :"DATE_FORMAT($1,$2)"},
	{"from" : "TO_CHAR","arg_pattern" : {"2" : "'yy\.MMM\.dd HH\:mm\:ss\.SSSSSS Z'"},"output_template" :"DATE_FORMAT($1,$2)"},
	{"from" : "TO_CHAR","arg_pattern" : {"2" : "'yy\.MMM\.dd HH\:mm\:ss\.SSSSSS'"},"output_template" :"DATE_FORMAT($1,$2)"},
	{"from" : "TO_CHAR","arg_pattern" : {"2" : "'yy\.MMM\.dd HH\:mm\:ss'"},"output_template" :"DATE_FORMAT($1,$2)"},
	{"from" : "TO_CHAR","arg_pattern" : {"2" : "'yy\.MMM\.dd"},"output_template" :"DATE_FORMAT($1,$2)"},
	{"from" : "TO_CHAR","arg_pattern" : {"2" : "'dd\-MMM\-yy HH\:mm\:ss\.SSSSSS Z'"},"output_template" :"DATE_FORMAT($1,$2)"},
	{"from" : "TO_CHAR","arg_pattern" : {"2" : "'dd\-MMM\-yy HH\:mm\:ss\.SSSSSS'"},"output_template" :"DATE_FORMAT($1,$2)"},
	{"from" : "TO_CHAR","arg_pattern" : {"2" : "'dd\-MMM\-yy HH\:mm\:ss'"},"output_template" :"DATE_FORMAT($1,$2)"},
	{"from" : "TO_CHAR","arg_pattern" : {"2" : "'dd\-MMM\-yy"},"output_template" :"DATE_FORMAT($1,$2)"},
	{"from" : "TO_CHAR","arg_pattern" : {"2" : "'yy\-MMM\-dd HH\:mm\:ss\.SSSSSS Z'"},"output_template" :"DATE_FORMAT($1,$2)"},
	{"from" : "TO_CHAR","arg_pattern" : {"2" : "'yy\-MMM\-dd HH\:mm\:ss\.SSSSSS'"},"output_template" :"DATE_FORMAT($1,$2)"},
	{"from" : "TO_CHAR","arg_pattern" : {"2" : "'yy\-MMM\-dd HH\:mm\:ss'"},"output_template" :"DATE_FORMAT($1,$2)"},
	{"from" : "TO_CHAR","arg_pattern" : {"2" : "'yy\-MMM\-dd"},"output_template" :"DATE_FORMAT($1,$2)"},
	{"from" : "TO_CHAR","arg_pattern" : {"2" : "'yy\/MM\/dd'"},"output_template" :"DATE_FORMAT($1,$2)"},
	{"from" : "TO_CHAR","arg_pattern" : {"2" : "'yy\/MM\/dd'"},"output_template" :"DATE_FORMAT($1,$2)"},
	{"from" : "TO_CHAR","arg_pattern" : {"2" : "'MM\/dd\/yy'"},"output_template" :"DATE_FORMAT($1,$2)"},
	{"from" : "TO_CHAR","arg_pattern" : {"2" : "'MM\/dd\/yy'"},"output_template" :"DATE_FORMAT($1,$2)"},
	{"from" : "TO_CHAR","arg_pattern" : {"2" : "'yy\.MM\.dd'"},"output_template" :"DATE_FORMAT($1,$2)"},
	{"from" : "TO_CHAR","arg_pattern" : {"2" : "'yy\.MM\.dd'"},"output_template" :"DATE_FORMAT($1,$2)"},
	{"from" : "TO_CHAR","arg_pattern" : {"2" : "'MM\.dd\.yy'"},"output_template" :"DATE_FORMAT($1,$2)"},
	{"from" : "TO_CHAR","arg_pattern" : {"2" : "'MM\.dd\.yy'"},"output_template" :"DATE_FORMAT($1,$2)"},
	{"from" : "TO_CHAR","arg_pattern" : {"2" : "'yy\-MM\-dd'"},"output_template" :"DATE_FORMAT($1,$2)"},
	{"from" : "TO_CHAR","arg_pattern" : {"2" : "'yy\-MM\-dd'"},"output_template" :"DATE_FORMAT($1,$2)"},
	{"from" : "TO_CHAR","arg_pattern" : {"2" : "'MM\–dd\–yy'"},"output_template" :"DATE_FORMAT($1,$2)"},
	{"from" : "TO_CHAR","num_args" : "1" ,"output_template" :"CAST($1 as STRING)"},

	
	{"from" : "ARRAY_AGG","to" :"COLLECT_LIST"},
	{"from" : "TO_TIME","to" :"TO_TIMESTAMP"},
	{"from" : "TO_BOOLEAN","to" :"BOOLEAN"},
    {"from" : "TIMEADD","to" :"DATEADD"},
	{"from" : "TIMESTAMPADD","to" :"DATEADD"},
	{"from" : "DATE","to" :"TO_DATE"},
	{"from" : "to_timestamp_tz","to" :"to_timestamp"},
	{"from" : "to_timestamp_ntz","to" :"to_timestamp"},
	{"from" : "to_timestamp_ltz","to" :"to_timestamp"},
	{"from" : "array_construct","to" :"array"},
	{"from" : "TRY_TO_NUMERIC","output_template" :"TRY_CAST($1 as NUMERIC)"},
	{"from" : "TO_NUMBER","num_args" : "1" ,"output_template" :"$1::numeric"},
	{"from" : "TO_NUMBER","num_args" : "3" ,"output_template" :"$1::numeric($2,$3)"},
	{"from" : "TRY_TO_DATE","output_template" :"TRY_CAST($1 as timestamp)"},
	{"from" : "TRY_TO_TIMESTAMP","output_template" :"TRY_CAST($1 as timestamp)"},
	{"from" : "TO_DOUBLE","output_template" :"$1::double"},
	{"from" : "VARIANCE_SAMP","to" :"VARIANCE"},
	{"from" : "CURRENT_TIME","num_args" : "1" ,"output_template" :"substr(current_timestamp,11,7)||substr(current_timestamp,18)::numeric(6,$1)"},
	{"from" : "CURRENT_TIME","num_args" : "0" ,"output_template" :"substr(current_timestamp,11,7)||substr(current_timestamp,18)::numeric(11,9)"},
	{"from" : "lnth","to" :"len"}
	] ,
	"to_string_types" : ["CHAR","TEXT","TIME","BOOLEAN","DATE","INERTVAL"],
	"prefix_tag" : "<python>",
	"is_script" :true,
	//"cursor_sufix":".rdd.collect()",
	"cursor_sufix":".take(1000)):\n# FIXME databricks.migration.task  Review and Update default max records limit (1000)\n# s_e_t to above df.take() api call to avoid collecting large number of records to driver#",
	"tab_tag" : "<tab_count:%count%>",
	//egin_tag" : "<begin_level:%level%>",
	"set_global_python_keys" :["\bexception\b","\bfunction\b","declare","BEGIN"],
	"python_keys_regex" :["for","v_step","try","catch","DECLARE","EXECUTE","CURSOR\s+\w+\s+IS.*?","IF.*?then","FOR\s+\w+\s+IN\s+\w+\s+LOOP","CURSOR\s+\w+\s+IS.*?\;","python",".*?\bWHILE\b.*?LOOP","RAISE_APPLICATION_ERROR","procedure","execute"],
	"pre_finalization_handler" : "::finalize_content",
	"src_type":"SNOWFLAKE"
}
